,name,code
0,阿尔茨海默概念,308614
1,AI PC,309121
2,AI手机,309120
3,AI语料,309126
4,阿里巴巴概念,301558
5,安防,300800
6,白酒概念,301496
7,BC电池,309084
8,百度概念,301259
9,丙烯酸,305376
10,冰雪产业,307550
11,比亚迪概念,308972
12,参股保险,300018
13,宁德时代概念,306912
14,参股券商,300100
15,草甘膦,300157
16,参股银行,301270
17,长安汽车概念,309094
18,长三角一体化,308432
19,超超临界发电,308969
20,超导概念,309056
21,超级电容,300926
22,超级品牌,306750
23,车联网(车路协同),300163
24,成飞概念,309045
25,充电桩,300786
26,宠物经济,308588
27,重组蛋白,308822
28,抽水蓄能,308753
29,传感器,301016
30,创投,300168
31,创新药,308014
32,储能,306380
33,存储芯片,307940
34,大豆,301123
35,大飞机,300013
36,代糖概念,308696
37,国家大基金持股,307816
38,锂电池概念,300733
39,电子竞技,302027
40,电子身份证,308869
41,低空经济,309115
42,第三代半导体,308700
43,地下管网,301623
44,电力物联网,308477
45,动力电池回收,307822
46,东数西算(算力),308828
47,动物疫苗,308537
48,抖音概念(字节概念),308366
49,短剧游戏,309093
50,独角兽概念,308002
51,多模态AI,309104
52,电子纸,301135
53,EDR概念,308803
54,ERP概念,309058
55,三胎概念,300891
56,ETC,308555
57,俄乌冲突概念,308850
58,F5G概念,308977
59,仿制药一致性评价,308572
60,钒电池,301174
61,飞行汽车(eVTOL),309113
62,风电,300200
63,芬太尼,308438
64,氟化工概念,300085
65,福建自贸区,301236
66,富士康概念,307954
67,辅助生殖,308708
68,钙钛矿电池,308991
69,肝炎概念,308915
70,高端装备,300890
71,高股息精选,309124
72,高铁,301518
73,高压快充,308806
74,高压氧舱,309023
75,共封装光学(CPO),309049
76,共同富裕示范区,308732
77,工业大麻,301477
78,工业互联网,301780
79,工业母机,300941
80,股权转让(并购重组),302154
81,广东自贸区,301630
82,光伏概念,301079
83,光刻机,309085
84,光刻胶,308582
85,光热发电,300223
86,固废处理,300221
87,硅能源,308829
88,国产操作系统,308531
89,军工,300082
90,国企改革,309034
91,国资云,308874
92,固态电池,308294
93,金属钴,302174
94,共享单车,302166
95,供销社,301669
96,海工装备,300105
97,海南自贸区,308428
98,海峡两岸,300066
99,航空发动机,301470
100,国产航母,300236
101,航运概念,300973
102,毫米波雷达,309051
103,合成生物,309129
104,核电,300238
105,黑龙江自贸区,308547
106,横琴新区,300087
107,核污染防治,301424
108,互联网金融,301209
109,鸿蒙概念,308731
110,猴痘概念,308941
111,化肥,301104
112,换电概念,308775
113,黄金概念,300248
114,环氧丙烷,308202
115,华为概念,301459
116,华为海思概念股,308527
117,华为鲲鹏,308883
118,华为欧拉,308887
119,华为汽车,308507
120,华为昇腾,309090
121,沪股通,301490
122,互联网保险,301628
123,减肥药,309081
124,减速器,309000
125,建筑节能,300261
126,家庭医生,308885
127,家用电器,300814
128,京津冀一体化,300061
129,净水概念,301032
130,金属回收,301107
131,金属铅,308864
132,金属锌,301582
133,机器人概念,300816
134,机器视觉,301258
135,基因测序,301146
136,军工信息化,309128
137,军民融合,301786
138,举牌,300269
139,科创次新股,308699
140,可降解塑料,301117
141,可控核聚变,309108
142,可燃冰,300277
143,空间计算,309066
144,空气能热泵,309007
145,快手概念,308659
146,跨境电商,301564
147,垃圾分类,308566
148,冷链物流,301179
149,两轮车,301248
150,粮食概念,308956
151,量子科技,300830
152,磷化工,300098
153,流感,300038
154,露营经济,308926
155,绿色电力,308760
156,生态农业,300923
157,旅游概念,301223
158,毛发医疗,308893
159,蚂蚁集团概念,302150
160,煤化工概念,300084
161,煤炭概念,308716
162,免税店,308657
163,民爆概念,308834
164,MiniLED,308628
165,民营医院,301346
166,钠离子电池,301096
167,脑机接口,308535
168,NFT概念,308748
169,金属镍,301511
170,农村电商,301632
171,农机,301306
172,农业种植,308016
173,OLED,301154
174,PCB概念,308832
175,PEEK材料,309105
176,培育钻石,308774
177,PET铜箔,309030
178,啤酒概念,301497
179,拼多多概念,308709
180,苹果概念,300309
181,PM2.5,300134
182,POE胶膜,309040
183,PPP概念,301624
184,汽车拆解概念,308694
185,汽车电子,301471
186,汽车热管理,308805
187,汽车芯片,308725
188,期货概念,300220
189,青蒿素,301794
190,氢能源,308491
191,禽流感,300075
192,区块链,302045
193,染料,301292
194,燃料电池,300316
195,人工智能,302035
196,人形机器人,309119
197,人造肉,308517
198,人脸识别,301166
199,融资融券,300900
200,柔性屏(折叠屏),308467
201,柔性直流输电,308810
202,乳业,300983
203,赛马概念,301602
204,上海国企改革,301402
205,上海自贸区,301128
206,商业航天,309130
207,深股通,301636
208,生物疫苗,300106
209,生物质能发电,308989
210,深圳国企改革,301171
211,时空大数据,300180
212,石墨电极,307512
213,石墨烯,300337
214,食品安全,300023
215,手机游戏,301050
216,水利,300345
217,水泥概念,307826
218,数据安全,308801
219,数据确权,309037
220,数据要素,309060
221,数据中心,308642
222,数字货币,301997
223,数字经济,308870
224,数字孪生,308479
225,数字水印,309050
226,数字乡村,308525
227,Sora概念(文生视频),309118
228,ST板块,300862
229,算力租赁,309068
230,钛白粉概念,300351
231,太赫兹,300795
232,碳交易,300931
233,碳纤维,300352
234,碳中和,308728
235,特钢概念,300845
236,特高压,300353
237,腾讯概念,302010
238,特色小镇,302674
239,特斯拉概念,301121
240,天津自贸区,301229
241,天然气,300358
242,体育产业,301605
243,金属铜,301577
244,同花顺出海50,309127
245,同花顺漂亮100,308718
246,同花顺中特估100,309062
247,铜缆高速连接,309125
248,统一大市场,308901
249,TOPCON电池,308992
250,土地流转,300858
251,托育服务,308862
252,土壤修复,300925
253,网红经济,308630
254,网络游戏,300019
255,网约车,302142
256,MCU芯片,308300
257,卫星导航,300722
258,文化传媒概念,300806
259,WiFi 6,308791
260,物联网,300378
261,无人机,300889
262,无人驾驶,301286
263,无人零售,304756
264,污水处理,300374
265,无线充电,300723
266,无线耳机,308612
267,物业管理,308717
268,雄安新区,302182
269,乡村振兴,300836
270,先进封装,309004
271,消毒剂,308636
272,消费电子概念,308384
273,小金属概念,300809
274,小米概念,301278
275,小米汽车,309106
276,细胞免疫治疗,301543
277,信创,309020
278,星闪概念,309086
279,新股与次新股,300870
280,新疆振兴,300386
281,新能源汽车,300008
282,芯片概念,301085
283,信托概念,301377
284,网络安全,300756
285,新型城镇化,300841
286,新型工业化,309089
287,新型烟草(电子烟),301362
288,稀土永磁,300382
289,血氧仪,309042
290,虚拟电厂,308761
291,虚拟数字人,308794
292,虚拟现实,301699
293,牙科医疗,308733
294,烟草,308560
295,养鸡,301576
296,养老概念,301494
297,央企国企改革,301546
298,盐湖提锂,307904
299,眼科医疗,301252
300,液冷服务器,309061
301,页岩气,300402
302,一带一路,301365
303,移动支付,300188
304,医疗废物处理,308638
305,医美概念,308712
306,英伟达概念,309065
307,一体化压铸,308984
308,医疗器械概念,301505
309,有机硅概念,301279
310,幽门螺杆菌概念,308818
311,元宇宙,308752
312,粤港澳大湾区,301491
313,玉米,301572
314,云办公,308634
315,云计算,300419
316,云游戏,308624
317,语音技术,300917
318,预制菜,308814
319,医药电商,301565
320,在线教育,301227
321,中船系,301713
322,化债概念(AMC概念),302046
323,智慧城市,300642
324,智慧灯杆,308841
325,智慧政务,308606
326,智能穿戴,301175
327,智能电网,300037
328,智能家居,300920
329,智能物流,301797
330,智能医疗,300682
331,智能音箱,302131
332,智能座舱,309092
333,知识产权保护,308172
334,职业教育,301539
335,中俄贸易概念,308854
336,中韩自贸区,301541
337,中芯国际概念,308690
338,中字头股票,300704
339,专精特新,308740
340,转基因,300435
341,注册制次新股,308697
342,猪肉,300451
343,证金持股,301715
344,摘帽,301455
345,装配式建筑,305794
346,足球概念,301100
347,租售同权,302034
348,自由贸易港,306398
349,3D打印,300127
350,5G,300843
351,6G概念,309055
352,AI应用,309264
353,2025年报预增,309263
354,2025三季报预增,309262
355,雅下水电概念,309261
356,中国AI 50,309187
357,兵装重组概念,309185
358,DeepSeek概念,309184
359,AI智能体,309183
360,小红书概念,309182
361,同花顺新质50,309177
362,IP经济(谷子经济),309174
363,华为盘古,309170
364,华为数字能源,309169
365,华为手机,309167
366,智谱AI,309164
367,回购增持再贷款概念,309163
368,房屋检测,309155
369,西部大开发,309154
370,AI眼镜,309152
371,光纤概念,309151
372,同花顺果指数,309136
373,维生素,309135
374,财税数字化,309134
