排名,板块名称,板块代码,最新价,涨跌额,涨跌幅,总市值,换手率,上涨家数,下跌家数,领涨股票,领涨股票-涨跌幅
1,最近多板,BK1638,1052.75,52.75,5.28,2246065696000,13.28,103,25,民爆光电,20.01
2,HIT电池,BK0908,3572.2,156.66,4.59,946990176000,8.43,36,3,双良节能,10.0
3,TOPCon电池,BK1097,1091.84,43.78,4.18,871904880000,9.34,36,7,中来股份,20.0
4,租售同权,BK0822,813.66,31.13,3.98,415334768000,3.68,16,1,华发股份,9.95
5,反内卷概念,BK1197,1187.93,44.95,3.93,5514694400000,2.72,139,17,韩建河山,9.95
6,钙钛矿电池,BK1094,1173.62,43.43,3.84,909685952000,6.33,36,6,亚玛顿,10.01
7,可燃冰,BK0818,1846.03,68.31,3.84,275174944000,3.61,9,0,神开股份,10.02
8,昨日首板,BK1630,1080.75,37.94,3.64,1108108512000,9.39,48,10,双良节能,10.0
9,昨日涨停_含一字,BK1050,18429.51,606.95,3.41,1360901344000,11.71,61,20,民爆光电,20.01
10,昨日涨停,BK0815,34133.22,1063.52,3.22,1339208688000,11.77,57,19,顺钠股份,9.96
11,麒麟电池,BK1092,2030.41,62.88,3.2,1798131600000,3.79,5,3,银轮股份,10.01
12,蓝宝石,BK0674,3761.16,112.82,3.09,764923776000,6.01,12,6,TCL中环,9.99
13,红利破净股,BK1636,1030.4,30.4,3.04,13027918592000,0.33,40,0,华发股份,9.95
14,煤化工,BK0492,12317.56,342.98,2.86,3011999760000,2.53,63,12,陕西黑猫,10.0
15,BC电池,BK1148,1363.34,37.8,2.85,696254032000,8.21,15,10,晶科能源,20.0
16,东方财富热股,BK1637,1028.19,28.19,2.82,10156500992000,9.58,63,35,顺钠股份,9.96
17,油气设服,BK0606,2562.62,66.07,2.65,2395049776000,3.54,43,9,神开股份,10.02
18,天然气,BK0843,1849.47,46.0,2.55,6074997760000,1.47,108,18,陕西黑猫,10.0
19,低碳冶金,BK0979,1117.91,27.77,2.55,341068448000,1.16,8,0,河钢股份,4.12
20,页岩气,BK0603,3116.17,75.47,2.48,3223309056000,1.06,26,5,神开股份,10.02
21,地热能,BK0622,5102.13,123.01,2.47,91429865000,3.95,8,0,开山股份,7.82
22,通用航空,BK0625,6936.07,164.95,2.44,1277117760000,2.5,32,5,中国东航,9.98
23,免税概念,BK0927,1594.16,37.8,2.43,906678816000,1.4,20,1,招商蛇口,7.31
24,超超临界发电,BK1087,1565.61,35.58,2.33,1338919392000,1.9,43,5,双良节能,10.0
25,滨海新区,BK0566,11346.24,250.47,2.26,236285326000,3.14,21,0,TCL中环,9.99
26,REITs概念,BK0992,874.1,19.24,2.25,784577120000,2.24,22,2,招商蛇口,7.31
27,破净股,BK1112,1571.96,34.49,2.24,20609331968000,0.84,258,3,山西焦化,9.95
28,低价股,BK1053,1235.81,27.03,2.24,1535058000000,2.21,122,7,财信发展,9.92
29,长期破净,BK1635,1022.28,22.28,2.23,13851898368000,0.99,168,11,山西焦化,9.95
30,昨日打二板以上表现,BK1634,1074.42,23.4,2.23,113107146000,13.92,8,8,民爆光电,20.01
31,昨日连板_含一字,BK1051,2367.32,51.55,2.23,113107146000,13.92,8,8,民爆光电,20.01
32,钒电池,BK1095,1522.99,32.16,2.16,638147776000,4.08,17,5,协鑫集成,9.88
33,氢能源,BK0864,1645.85,34.04,2.11,5977299456000,2.27,204,47,双良节能,10.0
34,熔盐储能,BK1103,1235.78,25.31,2.09,107263118000,3.43,11,0,东方电热,4.9
35,太阳能,BK0588,4443.79,88.08,2.02,9966895104000,3.52,318,100,顺钠股份,9.96
36,退税商店,BK0933,1502.5,28.62,1.94,180539143000,2.43,10,1,杭州解百,10.0
37,稀缺资源,BK0519,36822.42,693.75,1.92,5464030464000,3.26,51,26,兖矿能源,10.01
38,海工装备,BK0601,2592.53,46.71,1.83,2084195088000,4.67,60,16,顺钠股份,9.96
39,超级品牌,BK0811,2355.43,42.24,1.83,7886528768000,1.22,29,2,安孚科技,7.64
40,装配建筑,BK0945,1231.53,21.53,1.78,1529919664000,2.36,74,16,宏盛华源,9.95
41,航母概念,BK0715,1220.59,20.27,1.69,1315364208000,3.1,25,7,中船科技,9.98
42,京津冀,BK0684,2052.13,32.91,1.63,845169744000,3.23,46,13,巨力索具,9.99
43,昨日触板,BK0817,33.97,0.54,1.62,215334252000,13.31,16,7,永臻股份,10.0
44,海洋经济,BK0623,3800.33,60.01,1.6,2202848528000,3.35,77,27,顺钠股份,9.96
45,土地流转,BK0632,1983.54,31.05,1.59,520576128000,4.07,39,5,京投发展,10.09
46,水产养殖,BK0967,1052.17,16.39,1.58,254132443000,5.37,14,2,通威股份,4.82
47,京东金融,BK0849,2232.67,34.7,1.58,246969471000,1.64,9,1,东百集团,4.67
48,科创板做市商,BK1107,1545.16,23.74,1.56,2048858032000,0.84,14,0,东吴证券,3.15
49,AH股,BK0499,9764.27,149.87,1.56,42176122112000,0.62,147,28,兖矿能源,10.01
50,昨日炸板,BK1631,1044.03,15.99,1.56,206962979000,13.13,14,7,永臻股份,10.0
51,证金持股,BK0718,1539.0,23.56,1.55,39119076864000,0.72,190,27,中煤能源,10.0
52,新能源,BK0493,19657.14,300.29,1.55,7270714368000,2.92,168,46,顺钠股份,9.96
53,代糖概念,BK0938,1187.7,18.03,1.54,167822727000,2.09,15,0,保龄宝,10.03
54,抽水蓄能,BK1003,1808.88,27.41,1.54,1094624208000,1.98,26,10,顺钠股份,9.96
55,钛白粉,BK0805,1406.7,21.27,1.54,212974238000,1.8,9,3,坤彩科技,10.01
56,绿色电力,BK1024,1334.39,19.98,1.52,5947229952000,1.71,132,18,亚玛顿,10.01
57,尾气治理,BK0932,2064.59,30.41,1.49,345524800000,3.66,23,12,凯龙高科,20.0
58,宁组合,BK1000,674.2,9.71,1.46,5109912832000,2.42,19,5,福斯特,6.95
59,生态农业,BK0669,1656.77,23.48,1.44,327157984000,3.76,33,6,金正大,5.73
60,建筑节能,BK1076,1240.64,17.17,1.4,284815328000,6.11,34,11,荣安地产,10.27
61,中特估,BK1139,1264.92,17.25,1.38,25212148224000,0.48,66,14,中煤能源,10.0
62,茅指数,BK0999,802.34,10.93,1.38,13930420992000,1.23,34,8,东方雨虹,6.97
63,地下管网,BK1058,1318.08,17.93,1.38,430953504000,2.32,36,12,韩建河山,9.95
64,燃料电池,BK0682,4638.22,61.62,1.35,3265602128000,2.61,102,39,京城股份,9.97
65,粤港自贸,BK0677,3627.73,48.15,1.35,1140463840000,2.31,55,20,华发股份,9.95
66,同步磁阻电机,BK1131,2695.74,35.46,1.33,130241982000,4.08,4,3,英威腾,10.05
67,上证180_,BK0612,1783.73,23.09,1.31,49951084544000,0.63,144,34,兖矿能源,10.01
68,气溶胶检测,BK1065,1688.02,21.61,1.3,203701001000,2.16,6,3,雪迪龙,5.96
69,参股券商,BK0514,16429.28,210.06,1.3,4546048768000,1.88,105,22,中集集团,10.03
70,碳交易,BK0966,1966.35,24.99,1.29,2968979232000,1.74,103,32,双良节能,10.0
71,共享经济,BK0807,996.32,12.58,1.28,258141401000,2.05,12,6,珈伟新能,6.41
72,冷链物流,BK0852,2353.11,29.31,1.26,1933249472000,2.26,92,20,昇辉科技,19.95
73,昨日连板,BK0816,3196.35,39.3,1.24,60118582000,16.66,4,5,名雕股份,9.99
74,参股银行,BK0525,13196.35,162.04,1.24,12713681408000,1.15,177,45,兖矿能源,10.01
75,举牌,BK0685,3115.05,38.11,1.24,119425775000,0.4,5,0,同济科技,1.89
76,风能,BK0595,2853.13,34.86,1.24,8704557824000,2.1,170,59,巨力索具,9.99
77,券商概念,BK0711,1210.01,14.72,1.23,4281709264000,1.04,55,0,华林证券,5.9
78,中字头,BK0505,10019.98,120.74,1.22,16759702784000,0.75,82,18,中煤能源,10.0
79,IPO受益,BK0697,3674.05,43.66,1.2,2711349920000,1.57,48,6,北新建材,5.61
80,垃圾分类,BK0873,1784.4,21.18,1.2,972482416000,2.58,76,20,锐明技术,10.01
81,地摊经济,BK0924,2263.96,26.84,1.2,575961360000,2.53,23,6,福田汽车,4.33
82,标准普尔,BK0879,1873.69,22.07,1.19,67675615232000,1.46,784,249,特发信息,10.01
83,HS300_,BK0500,12694.87,148.62,1.18,67588500224000,0.8,229,70,兖矿能源,10.01
84,北交所概念,BK0925,2259.61,26.37,1.18,350876416000,4.7,20,5,京投发展,10.09
85,净水概念,BK1068,1280.33,14.8,1.17,1161344848000,1.02,18,2,海尔智家,3.33
86,上证50_,BK0611,2181.2,25.21,1.17,28757881344000,0.37,41,9,陕西煤业,8.78
87,氦气概念,BK0949,2652.07,30.59,1.17,220213591000,9.71,5,9,洲际油气,10.09
88,人造肉,BK0866,1186.55,13.68,1.17,190127056000,2.73,14,3,山东赫达,10.02
89,PPP模式,BK0721,865.3,9.92,1.16,2457833664000,2.07,110,33,中船科技,9.98
90,换电概念,BK0985,1806.21,20.58,1.15,903884688000,2.28,26,15,英威腾,10.05
91,AB股,BK0498,12681.47,144.0,1.15,1404872176000,2.05,60,11,本钢板材,6.52
92,预制菜概念,BK1025,1248.76,14.17,1.15,682396176000,2.2,54,6,千味央厨,5.93
93,内贸流通,BK1001,1473.51,16.67,1.14,1547010736000,2.46,134,27,众业达,10.03
94,进口博览,BK0850,1093.51,12.31,1.14,300840528000,1.12,13,3,中国东航,9.98
95,海南自贸,BK1193,1187.78,13.37,1.14,1389880544000,3.21,66,16,洲际油气,10.09
96,EDR概念,BK1049,1912.74,21.28,1.13,351959536000,3.63,7,7,锐明技术,10.01
97,碳基材料,BK1006,1134.95,12.59,1.12,199079084000,3.87,12,7,宝泰隆,9.97
98,重组蛋白,BK1063,1076.79,11.94,1.12,253387168000,1.8,12,7,海特生物,8.56
99,民爆概念,BK1066,1769.51,19.52,1.12,291156640000,2.05,18,3,淮北矿业,8.66
100,新零售,BK0825,1148.74,12.59,1.11,2592839408000,2.19,118,30,杭州解百,10.0
101,空气能热泵,BK1102,1711.98,18.7,1.1,1596713952000,2.14,25,9,银轮股份,10.01
102,一带一路,BK0712,1790.24,19.34,1.09,17513388288000,1.59,373,124,神开股份,10.02
103,冰雪经济,BK1185,1178.6,12.69,1.09,376565648000,3.32,32,8,华发股份,9.95
104,CRO,BK0899,1922.69,20.53,1.08,739312944000,1.8,28,10,海特生物,8.56
105,雄安新区,BK0813,1118.17,11.88,1.07,2690669264000,2.58,102,45,韩建河山,9.95
106,单抗概念,BK0870,1787.19,18.83,1.06,1769477376000,1.15,42,7,康辰药业,5.61
107,调味品概念,BK1026,1071.53,11.22,1.06,697240496000,1.81,29,4,保龄宝,10.03
108,央视50_,BK0610,2543.49,26.35,1.05,16617475328000,0.45,41,9,中国神华,7.12
109,央国企改革,BK0683,5422.99,55.61,1.04,54326534656000,1.51,1044,360,特发信息,10.01
110,储能,BK0989,2498.91,25.55,1.03,11647238656000,3.06,264,145,顺钠股份,9.96
111,猪肉概念,BK0882,1337.28,13.67,1.03,822170000000,1.82,29,6,海大集团,4.15
112,石墨烯,BK0617,2875.27,29.38,1.03,1053211168000,3.73,48,21,美锦能源,10.0
113,GDR,BK0868,1252.12,12.78,1.03,1684095376000,1.08,9,2,欣旺达,1.84
114,参股保险,BK0604,2951.82,30.12,1.03,6510254336000,0.93,62,14,顺钠股份,9.96
115,超级电容,BK0703,5180.47,52.65,1.03,727871552000,2.96,21,10,美锦能源,10.0
116,生物质能发电,BK1098,1142.85,11.55,1.02,258423712000,1.66,26,2,华光环能,5.74
117,乳业,BK0892,1212.46,12.17,1.01,456331696000,2.45,25,6,新乳业,6.85
118,2025三季报预减,BK1199,1321.19,13.21,1.01,70881895000,2.95,5,3,奥来德,4.46
119,超级真菌,BK0862,1165.75,11.61,1.01,669275968000,1.18,21,1,科伦药业,2.3
120,化债(AMC)概念,BK0980,1264.49,12.54,1.0,1159123888000,1.98,44,13,世联行,5.9
121,动力电池回收,BK1052,1039.8,10.29,1.0,2862465984000,2.83,32,10,盟固利,6.62
122,MSCI中国,BK0821,1547.77,15.28,1.0,78873374720000,1.12,378,167,兖矿能源,10.01
123,成渝特区,BK0534,24119.93,238.0,1.0,2476126304000,2.06,70,15,升达林业,4.91
124,啤酒概念,BK1073,1346.1,13.06,0.98,279081264000,1.99,16,2,燕京啤酒,3.49
125,土壤修复,BK1070,1046.17,10.11,0.98,246381082000,3.0,23,9,顺灏股份,5.55
126,水利建设,BK0597,2237.52,21.57,0.97,2358628480000,2.56,77,29,韩建河山,9.95
127,微盘股,BK1158,3791.37,36.16,0.96,1017212848000,3.91,298,90,凯龙高科,20.0
128,海绵城市,BK0724,1150.93,10.87,0.95,338060512000,4.49,26,10,东方雨虹,6.97
129,中俄贸易概念,BK1072,1896.88,17.89,0.95,764395072000,2.41,53,26,凯龙高科,20.0
130,智慧灯杆,BK1069,1793.58,16.91,0.95,149156448000,4.56,14,11,昇辉科技,19.95
131,参股期货,BK0524,34804.76,326.14,0.95,3388529024000,1.29,38,8,兖矿能源,10.01
132,工程机械概念,BK0991,1941.4,18.08,0.94,1334214848000,2.06,39,17,华电科工,10.03
133,流感,BK0906,1725.9,15.94,0.93,1508199616000,1.56,103,17,硕世生物,5.69
134,节能环保,BK0494,15793.73,145.0,0.93,5447218432000,2.57,283,130,凯龙高科,20.0
135,股权转让,BK0803,813.88,7.47,0.93,218717958000,3.1,27,13,中来股份,20.0
136,快递概念,BK0990,1204.27,10.99,0.92,637201104000,1.67,31,10,科瑞技术,6.0
137,托育服务,BK1074,998.55,9.08,0.92,40175712000,5.71,5,2,和晶科技,5.26
138,长江三角,BK0594,3202.69,29.08,0.92,10277872896000,2.54,304,102,中船科技,9.98
139,减肥药,BK1146,1292.55,11.68,0.91,948931360000,1.52,27,7,信立泰,4.27
140,养老概念,BK0653,3104.43,27.85,0.91,3426600800000,2.16,87,35,京投发展,10.09
141,白酒,BK0896,2312.26,20.66,0.9,3427871440000,2.55,36,11,巨力索具,9.99
142,富时罗素,BK0867,1958.43,17.47,0.9,75536539648000,1.62,903,365,特发信息,10.01
143,中药概念,BK0615,2386.98,20.96,0.89,2054098960000,1.59,126,15,海特生物,8.56
144,雅下水电概念,BK1192,1405.44,12.27,0.88,2047831712000,1.71,45,10,大禹节水,5.02
145,汽车热管理,BK1089,2343.24,20.34,0.88,1228382848000,3.26,53,41,凯龙高科,20.0
146,轮毂电机,BK1099,1243.39,10.77,0.87,77521726000,1.9,7,2,佳电股份,3.37
147,东北振兴,BK0838,1278.33,11.03,0.87,789599968000,1.86,44,12,辽宁能源,5.63
148,沪企改革,BK0672,3060.77,26.15,0.86,978411936000,1.13,32,7,城投控股,6.94
149,刀片电池,BK0951,3200.92,27.16,0.86,996924800000,2.93,10,2,星云股份,3.05
150,大飞机,BK0814,2141.59,18.14,0.85,2569817488000,3.49,64,33,中国东航,9.98
151,创新药,BK1106,1526.63,12.71,0.84,3557063536000,1.58,130,32,海特生物,8.56
152,2025中报预减,BK1195,1162.11,9.67,0.84,2492342912000,2.76,145,54,荣安地产,10.27
153,独家药品,BK0676,2651.8,21.95,0.83,753995408000,1.37,40,4,智飞生物,2.61
154,医疗美容,BK0889,1914.97,15.75,0.83,1126005488000,1.85,62,13,杭州解百,10.0
155,幽门螺杆菌概念,BK1056,1034.89,8.37,0.82,477186576000,1.76,42,9,华纳药厂,3.98
156,上证380,BK0705,3112.69,25.09,0.81,11962585600000,2.04,248,128,晋控煤业,9.99
157,病毒防治,BK0675,2916.38,23.49,0.81,1513981920000,1.65,96,19,广生堂,7.5
158,医废处理,BK0914,1394.55,11.2,0.81,233625967000,2.0,24,8,启迪环境,4.41
159,鸡肉概念,BK0887,810.45,6.5,0.81,365589360000,1.38,17,3,圣农发展,2.01
160,屏下摄像,BK0947,1009.49,7.92,0.79,532263328000,2.23,6,3,TCL科技,2.71
161,转债标的,BK0528,13260.18,102.79,0.78,7397941504000,2.24,247,128,双良节能,10.0
162,磷化工,BK1010,1054.88,8.08,0.77,1324814784000,2.2,33,11,金正大,5.73
163,毛发医疗,BK0996,1032.07,7.89,0.77,123182492000,1.78,14,3,康惠股份,3.05
164,肝炎概念,BK1078,1430.93,10.87,0.77,658094992000,2.24,47,9,广生堂,7.5
165,草甘膦,BK0950,1931.34,14.63,0.76,210419544000,2.48,9,3,红太阳,4.43
166,锂电池,BK0574,4502.35,33.98,0.76,11069717248000,3.11,249,153,致远新能,19.98
167,核能核电,BK0577,3123.09,23.52,0.76,4846202368000,2.17,131,57,特发信息,10.01
168,发电机概念,BK1014,2007.58,15.02,0.75,189088271000,5.48,16,4,泰豪科技,6.63
169,中证500,BK0701,2703.91,20.16,0.75,19408854784000,2.41,328,169,美锦能源,10.0
170,磁悬浮概念,BK0975,2524.99,18.52,0.74,905098224000,2.34,19,9,中国中铁,3.45
171,C2M概念,BK0955,1502.21,10.96,0.73,328999952000,2.03,25,12,皮阿诺,10.02
172,生物疫苗,BK0548,29855.03,217.62,0.73,1048513072000,1.9,54,14,卫光生物,7.79
173,CAR-T细胞疗法,BK0986,1267.04,9.21,0.73,575888080000,1.83,20,4,智飞生物,2.61
174,阿兹海默,BK0894,2078.31,15.06,0.73,206871523000,2.17,14,4,双鹭药业,2.65
175,体外诊断,BK0841,1454.75,10.39,0.72,897799136000,2.06,51,17,赛科希德,10.15
176,免疫治疗,BK0698,1631.52,11.44,0.71,500056544000,1.54,34,9,泽璟制药-U,4.19
177,钠离子电池,BK0988,1886.83,13.01,0.69,2853350016000,2.05,40,22,华阳股份,5.88
178,汽车拆解,BK0943,1389.41,9.28,0.67,284693984000,2.62,12,6,启迪环境,4.41
179,合成生物,BK1174,1405.64,9.37,0.67,1494680528000,2.47,86,28,保龄宝,10.03
180,特高压,BK0918,2866.5,18.95,0.67,1831344256000,4.28,50,32,特发信息,10.01
181,碳纤维,BK1171,1835.27,12.11,0.66,530811520000,3.92,17,21,神开股份,10.02
182,机构重仓,BK0552,18754.69,123.29,0.66,51430330368000,1.22,729,369,宏盛华源,9.95
183,铁路基建,BK0592,3093.85,20.24,0.66,3192248368000,1.52,89,35,中国神华,7.12
184,降解塑料,BK0909,2104.04,13.74,0.66,899847808000,1.85,42,22,裕同科技,6.76
185,复合集流体,BK1113,1430.51,9.34,0.66,373077536000,4.01,14,15,阿石创,10.01
186,西部大开发,BK0590,3812.98,24.06,0.64,14028641536000,2.55,406,189,陕西黑猫,10.0
187,上海自贸,BK0643,3923.84,24.59,0.63,1028189648000,0.81,25,8,派能科技,4.36
188,深证100R,BK0743,1368.4,8.53,0.63,16363625216000,1.33,69,31,招商蛇口,7.31
189,互联金融,BK0637,5678.05,35.36,0.63,20871597056000,0.63,141,55,世联行,5.9
190,工业大麻,BK0856,2154.98,13.22,0.62,438340032000,2.66,26,11,顺灏股份,5.55
191,新型城镇化,BK1080,1179.18,7.14,0.61,539970688000,2.66,65,33,国晟科技,9.99
192,沪股通,BK0707,2692.27,16.08,0.6,75409899520000,1.32,976,541,宏盛华源,9.95
193,华为汽车,BK0984,2666.29,15.8,0.6,2340426080000,3.1,71,44,银轮股份,10.01
194,农业种植,BK0888,2675.22,15.79,0.59,886840496000,4.16,54,28,万辰集团,7.33
195,痘病毒防治,BK1085,940.04,5.52,0.59,623851568000,1.8,39,14,硕世生物,5.69
196,统一大市场,BK1077,1463.58,8.57,0.59,439213920000,1.88,33,9,天顺股份,5.92
197,辅助生殖,BK0939,1142.1,6.6,0.58,597537168000,1.91,41,12,ST人福,3.65
198,供销社概念,BK1109,1221.98,7.04,0.58,159583349000,1.93,12,2,浙农股份,1.77
199,深成500,BK0568,1517.01,8.63,0.57,29586627584000,2.55,307,188,美锦能源,10.0
200,新材料,BK0523,39915.81,223.54,0.56,7092850176000,3.72,213,163,亚玛顿,10.01
201,社保重仓,BK0520,14521.61,81.18,0.56,305754112000,2.08,10,10,中曼石油,7.71
202,新能源车,BK0900,2680.43,14.82,0.56,15927258880000,3.18,379,265,凯龙高科,20.0
203,3D摄像头,BK0901,1755.41,9.66,0.55,674608800000,2.73,4,5,水晶光电,7.99
204,ST股,BK0511,7443.63,40.45,0.55,830500400000,1.79,97,69,*ST云创,24.07
205,社区团购,BK0965,1013.51,5.47,0.54,588856976000,2.29,28,8,西安旅游,3.54
206,抗菌面料,BK1116,1800.67,9.69,0.54,117375907000,2.35,10,6,蒙泰高新,4.13
207,婴童概念,BK0664,1914.81,10.19,0.54,1397858160000,2.34,106,44,华侨城Ａ,6.92
208,肝素概念,BK0944,984.15,5.19,0.53,233916439000,1.3,10,3,双鹭药业,2.65
209,固态电池,BK0968,2544.72,13.3,0.53,6427753472000,2.25,125,83,福斯特,6.95
210,电子纸概念,BK1057,1209.51,6.32,0.53,370832352000,2.16,9,4,TCL科技,2.71
211,长寿药,BK0936,1213.85,6.23,0.52,158530520000,4.3,11,3,雪榕生物,4.85
212,2025中报扭亏,BK1196,1199.47,6.11,0.51,2191573952000,4.22,120,71,韩建河山,9.95
213,SPD概念,BK1147,1206.99,6.12,0.51,108009929000,1.96,11,2,浙江震元,1.38
214,充电桩,BK0700,3337.17,16.78,0.51,5263824128000,3.4,151,104,太阳电缆,10.01
215,智能家居,BK0680,3309.64,16.59,0.5,4163693264000,2.4,83,74,昇辉科技,19.95
216,基因测序,BK0693,2182.56,10.94,0.5,506832096000,6.56,32,13,广生堂,7.5
217,房屋检测,BK1179,1607.53,8.03,0.5,303827168000,3.1,24,16,东方雨虹,6.97
218,LED,BK0580,4684.4,23.15,0.5,1891535232000,3.04,51,43,民爆光电,20.01
219,并购重组概念,BK1181,1388.15,6.83,0.49,2662056672000,2.19,58,38,海联讯,12.16
220,旅游概念,BK0692,1874.81,9.09,0.49,476249552000,3.14,30,20,华侨城Ａ,6.92
221,精准医疗,BK0806,1193.49,5.77,0.49,620704064000,2.68,32,12,北陆药业,3.19
222,维生素,BK0895,2106.03,10.15,0.48,503906400000,1.77,23,10,华恒生物,2.19
223,胎压监测,BK0898,2724.55,13.12,0.48,393831072000,2.72,21,7,云意电气,3.3
224,昨日高振幅,BK1633,1034.63,4.93,0.48,11248352512000,6.73,189,164,特发信息,10.01
225,MicroLED,BK0948,1316.35,6.16,0.47,570201200000,3.19,13,11,天通股份,10.0
226,医疗器械概念,BK0668,4670.53,21.34,0.46,5329784832000,2.08,212,109,赛科希德,10.15
227,蚂蚁概念,BK0937,887.87,3.93,0.44,6346286336000,1.25,37,24,协鑫集成,9.88
228,深圳特区,BK0549,41083.91,181.28,0.44,11178106880000,2.22,189,154,特发信息,10.01
229,小金属概念,BK0695,4503.03,19.61,0.44,5746278912000,3.44,59,50,博迁新材,10.0
230,养老金,BK0823,1829.81,7.94,0.44,3820002512000,2.39,104,68,坚朗五金,10.02
231,智能电网,BK0581,2383.7,10.01,0.42,2797932192000,5.08,96,92,特发信息,10.01
232,独角兽,BK0835,2334.32,9.48,0.41,5143901952000,2.31,64,38,银轮股份,10.01
233,融资融券,BK0596,3369.31,13.51,0.4,118776766464000,1.94,2152,1574,凯龙高科,20.0
234,消毒剂,BK0913,1832.56,7.0,0.38,787038992000,2.6,38,21,润贝航科,7.01
235,3D玻璃,BK0881,1561.3,5.96,0.38,397547152000,3.74,10,5,东方电热,4.9
236,参股新三板,BK0600,3363.74,12.84,0.38,1772149152000,4.53,65,37,国晟科技,9.99
237,空间站概念,BK0994,2865.65,10.78,0.38,422746896000,7.26,10,10,全信股份,6.69
238,乡村振兴,BK0834,1776.58,6.6,0.37,1763200032000,3.0,85,53,金正大,5.73
239,PVDF概念,BK1012,1269.07,4.66,0.37,470040304000,1.75,9,7,天壕能源,3.53
240,电子后视镜,BK1125,1777.11,6.43,0.36,367296528000,2.07,14,11,兴民智通,10.03
241,体育产业,BK0708,1636.27,5.9,0.36,897919616000,2.63,46,28,杭州解百,10.0
242,注册制次新股,BK0971,778.32,2.73,0.35,2255405264000,5.84,45,39,丰倍生物,9.99
243,创投,BK0506,19576.67,68.36,0.35,5615198208000,2.93,180,106,京投发展,10.09
244,化妆品概念,BK0974,1391.48,4.83,0.35,722102512000,2.06,39,19,科隆股份,4.13
245,电商概念,BK0665,2530.96,8.7,0.34,6847586304000,2.53,218,112,众业达,10.03
246,湖北自贸,BK0926,2245.92,7.65,0.34,548275872000,2.93,16,12,启迪环境,4.41
247,化工原料,BK0512,29895.74,100.81,0.34,1666419936000,2.32,49,30,金晶科技,8.44
248,次新股,BK0501,29971.44,100.88,0.34,2399906752000,5.91,62,52,丰倍生物,9.99
249,深股通,BK0804,1357.91,4.5,0.33,42622016768000,3.24,991,715,特发信息,10.01
250,植物照明,BK1007,1236.67,4.06,0.33,197661063000,3.21,8,9,英飞特,7.88
251,贬值受益,BK0812,1853.96,6.06,0.33,4255754928000,2.4,106,68,民爆光电,20.01
252,AI制药（医疗）,BK1170,1497.53,4.87,0.33,736193904000,3.57,39,17,美迪西,3.7
253,军民融合,BK0808,2365.16,7.52,0.32,3988631152000,4.36,98,77,巨力索具,9.99
254,娃哈哈概念,BK1165,1728.11,5.2,0.3,150431412000,1.81,14,6,东方材料,2.61
255,高压快充,BK1144,1581.77,4.72,0.3,789832560000,4.26,36,21,风华高科,3.6
256,粮食概念,BK1086,874.93,2.6,0.3,260467378000,5.9,21,10,广宇集团,4.05
257,工业气体,BK0981,2307.62,6.72,0.29,577900544000,1.77,12,15,蜀道装备,8.99
258,2025中报预增,BK1194,1249.04,3.36,0.27,14017284608000,2.17,258,173,锐明技术,10.01
259,户外露营,BK1079,1625.93,4.35,0.27,161842171000,2.41,15,11,趣睡科技,3.0
260,青蒿素,BK0872,1891.66,4.79,0.25,301353184000,1.13,7,4,复星医药,1.14
261,可控核聚变,BK1163,2537.49,5.9,0.23,2188194240000,2.5,42,32,顺钠股份,9.96
262,军工,BK0490,94021.95,211.45,0.23,6860942336000,4.2,220,190,特发信息,10.01
263,特斯拉,BK0644,7400.64,15.76,0.21,6779954944000,3.02,111,99,亚玛顿,10.01
264,无人机,BK0704,2971.9,6.31,0.21,3784266000000,4.06,111,98,特发信息,10.01
265,B股,BK0636,946.32,1.93,0.2,682443280000,0.18,39,23,动力Ｂ股,3.39
266,汽车一体化压铸,BK1093,1452.5,2.82,0.19,399901008000,2.65,17,11,春兴精工,2.76
267,3D打印,BK0619,8562.21,16.51,0.19,1023014848000,3.63,32,41,博迁新材,10.0
268,小米汽车,BK1155,1842.73,3.42,0.19,4659572736000,3.15,57,44,银轮股份,10.01
269,无人驾驶,BK0802,2341.42,4.27,0.18,7258351616000,2.93,132,134,锐明技术,10.01
270,MiniLED,BK0902,2401.56,3.61,0.15,1322339216000,2.89,27,33,翰博高新,11.29
271,机器人概念,BK1090,2240.19,3.26,0.15,13273418496000,3.0,324,340,凯龙高科,20.0
272,有机硅,BK0961,1904.37,2.47,0.13,471422880000,2.3,18,16,宏柏新材,3.58
273,QFII重仓,BK0535,24174.21,30.43,0.13,4804253440000,3.37,166,155,凯龙高科,20.0
274,跨境电商,BK1115,1748.39,2.02,0.12,1818499776000,2.81,101,56,安孚科技,7.64
275,噪声防治,BK1082,1774.25,2.04,0.12,50002995000,3.0,5,4,凯伦股份,3.61
276,黄金概念,BK0547,22736.22,24.76,0.11,3824372944000,4.23,43,25,菜百股份,5.43
277,股权激励,BK0567,3945.78,3.57,0.09,5622396416000,2.95,112,97,科顺股份,8.63
278,OLED,BK0840,3693.32,3.34,0.09,3218477824000,3.02,64,65,天通股份,10.0
279,科创板做市股,BK1108,1354.29,1.2,0.09,2343870768000,2.56,19,26,晶科能源,20.0
280,核污染防治,BK0983,1792.39,1.32,0.07,445455184000,1.74,16,15,科新机电,3.41
281,锂矿概念,BK1173,2040.87,1.34,0.07,4272372064000,2.22,21,16,威领股份,6.53
282,MLCC,BK0890,3310.63,1.98,0.06,387036576000,5.04,6,9,博迁新材,10.0
283,低空经济,BK1166,1905.87,0.99,0.05,4739638016000,3.59,137,143,神开股份,10.02
284,电子烟,BK0865,2622.38,1.3,0.05,1381200464000,3.52,26,25,集友股份,8.32
285,碳化硅,BK0977,2062.81,0.65,0.03,1251972080000,3.9,19,26,晶盛机电,12.97
286,传感器,BK0905,2395.58,0.69,0.03,2384972224000,3.76,49,69,凯龙高科,20.0
287,减速器,BK1100,2076.55,0.45,0.02,1205227504000,4.06,38,41,富临精工,8.51
288,培育钻石,BK1023,2482.56,0.43,0.02,272885664000,6.46,7,9,晶盛机电,12.97
289,玻璃基板,BK1175,2090.87,-0.69,-0.03,695954064000,2.76,14,20,阿石创,10.01
290,稀土永磁,BK0578,3757.26,-1.6,-0.04,1470429072000,2.83,20,32,英威腾,10.05
291,工业互联,BK0832,2865.38,-1.7,-0.06,5889553152000,2.61,90,108,凯龙高科,20.0
292,食品安全,BK0614,8083.57,-5.13,-0.06,467934432000,2.56,25,25,三维天地,3.6
293,创业板综,BK0742,2082.16,-1.38,-0.07,18722161152000,4.6,637,691,凯龙高科,20.0
294,铜缆高速连接,BK1168,2517.06,-1.92,-0.08,1031722592000,3.62,18,20,凯旺科技,7.08
295,专精特新,BK1005,1756.35,-1.56,-0.09,12000062720000,3.83,509,696,民爆光电,20.01
296,飞行汽车(eVTOL),BK1157,2243.39,-2.09,-0.09,1217290016000,2.44,41,41,森麒麟,4.29
297,2025三季报预增,BK1198,1136.38,-1.06,-0.09,4179552320000,2.41,50,40,金固股份,6.4
298,柔性屏(折叠屏),BK1160,2012.11,-2.07,-0.1,1544831264000,2.79,38,35,奥来德,4.46
299,商汤概念,BK0942,1253.99,-1.31,-0.1,547884848000,2.12,7,6,TCL科技,2.71
300,激光雷达,BK1002,2567.11,-2.69,-0.1,854924416000,3.67,20,22,水晶光电,7.99
301,虚拟电厂,BK0958,2470.32,-2.78,-0.11,902856576000,3.12,31,33,芯能科技,6.78
302,量子科技,BK0710,3688.43,-5.32,-0.14,2301159424000,1.31,24,28,银轮股份,10.01
303,互联医疗,BK0837,1165.33,-1.78,-0.15,4824345856000,1.9,53,42,益丰药房,4.96
304,宠物经济,BK0993,1012.95,-1.65,-0.16,430954176000,1.82,37,28,普洛药业,4.17
305,转基因,BK0907,1669.28,-2.72,-0.16,163708784000,6.21,8,8,农发种业,4.04
306,人形机器人,BK1184,1890.3,-3.09,-0.16,5623353344000,2.39,94,134,凯龙高科,20.0
307,首发经济,BK1186,1244.12,-2.06,-0.17,411463376000,4.9,18,20,美锦能源,10.0
308,裸眼3D,BK1142,1347.72,-2.25,-0.17,343642672000,2.38,10,13,利亚德,2.25
309,职业教育,BK1022,1523.52,-2.63,-0.17,694457728000,4.35,31,36,众业达,10.03
310,国家安防,BK0667,3705.29,-7.75,-0.21,1878219328000,2.6,44,69,昇辉科技,19.95
311,抖音小店,BK0928,1441.91,-3.04,-0.21,265046483000,2.12,21,7,维维股份,3.5
312,无线充电,BK0960,3500.95,-7.74,-0.22,2155454400000,3.18,19,21,天通股份,10.0
313,基金重仓,BK0536,14198.46,-31.45,-0.22,8884972800000,2.38,33,34,博迁新材,10.0
314,环氧丙烷,BK1011,745.38,-1.74,-0.23,653567984000,2.5,12,10,红 宝 丽,3.07
315,PLC概念,BK1119,1676.84,-3.97,-0.24,412192992000,2.69,3,7,英威腾,10.05
316,智能电视,BK0656,1425.56,-3.52,-0.25,317959008000,2.83,4,7,天禄科技,5.01
317,数字孪生,BK0861,1801.28,-4.59,-0.25,1096120240000,2.75,25,58,兴民智通,10.03
318,智慧城市,BK0628,6301.79,-16.33,-0.26,2809971120000,2.92,81,136,特发信息,10.01
319,光通信模块,BK1136,2799.16,-7.28,-0.26,3021191408000,6.15,26,43,杭电股份,9.97
320,商业航天,BK0963,2840.41,-7.46,-0.26,6288832768000,4.79,122,163,巨力索具,9.99
321,超导概念,BK0679,7324.62,-19.72,-0.27,454794144000,5.13,10,8,东方钽业,3.91
322,电子车牌,BK0982,1568.5,-4.42,-0.28,170708624000,3.24,9,9,浩云科技,2.15
323,光刻机(胶),BK0884,4178.74,-12.07,-0.29,1736135888000,4.1,33,61,双乐股份,7.38
324,跨境支付,BK1071,1840.79,-5.44,-0.29,12650159616000,0.33,33,29,凯撒旅业,3.69
325,第三代半导体,BK0952,2178.07,-6.67,-0.31,2697935248000,6.35,44,64,双良节能,10.0
326,创业成份,BK0638,2493.91,-7.71,-0.31,9135219200000,3.91,51,48,晶盛机电,12.97
327,华为概念,BK0854,4504.59,-14.45,-0.32,17427665408000,3.47,314,427,特发信息,10.01
328,车联网(车路云),BK0920,1709.92,-5.49,-0.32,6294108928000,2.37,93,122,锐明技术,10.01
329,苹果概念,BK0666,4761.52,-15.98,-0.33,4414182656000,2.78,52,73,TCL中环,9.99
330,工业母机,BK1004,2219.27,-7.54,-0.34,1699517008000,1.84,34,49,宇晶股份,5.05
331,荣耀概念,BK1177,2124.35,-7.4,-0.35,1234022912000,2.36,24,29,水晶光电,7.99
332,AI眼镜,BK1178,2297.85,-8.19,-0.36,3412625392000,3.03,40,77,晶盛机电,12.97
333,PEEK材料概念,BK1156,1958.86,-7.01,-0.36,815951248000,3.91,18,25,中国巨石,5.99
334,ETC,BK0875,2048.1,-7.58,-0.37,433249376000,2.48,19,21,星帅尔,3.82
335,机器视觉,BK0998,2092.22,-8.32,-0.4,912475584000,3.43,29,54,胜利精密,7.33
336,彩票概念,BK0671,3143.22,-12.8,-0.41,218330535000,2.39,11,9,冠豪高新,2.33
337,北斗导航,BK0629,8292.38,-34.72,-0.42,1389244304000,4.08,34,38,全信股份,6.69
338,小米概念,BK0833,2475.65,-10.38,-0.42,4295149056000,3.45,98,127,银轮股份,10.01
339,电子身份证,BK1075,1357.88,-5.74,-0.42,386292704000,2.5,16,23,格尔软件,5.73
340,氟化工,BK0690,5597.75,-23.75,-0.42,1055520112000,2.3,14,21,东阳光,1.2
341,增强现实,BK0801,1558.75,-6.62,-0.42,913421440000,3.13,19,26,水晶光电,7.99
342,全息技术,BK0699,3191.3,-13.7,-0.43,231704920000,2.04,5,6,中光学,2.77
343,数字货币,BK0883,2173.45,-9.72,-0.45,1200882592000,2.19,32,49,绿地控股,3.7
344,2025三季报扭亏,BK1628,1000.6,-4.55,-0.45,137788093000,1.79,4,7,山东钢铁,3.13
345,PCB,BK0877,3012.61,-13.73,-0.45,3026409904000,4.4,39,89,天通股份,10.0
346,富士康,BK0842,2791.63,-12.73,-0.45,978633280000,2.82,18,21,安彩高科,3.75
347,物联网,BK0554,18421.46,-84.93,-0.46,10251024384000,3.09,137,236,双良节能,10.0
348,被动元件,BK0976,1852.36,-9.09,-0.49,578486944000,4.49,12,15,三环集团,7.01
349,移动支付,BK0556,14391.02,-70.78,-0.49,3146187248000,2.1,26,40,格尔软件,5.73
350,超清视频,BK0859,2308.99,-11.49,-0.5,2844299568000,2.87,40,57,天通股份,10.0
351,星闪概念,BK1149,1529.75,-7.84,-0.51,604635312000,3.13,13,24,锐明技术,10.01
352,机器人执行器,BK1145,2162.75,-11.09,-0.51,821153600000,2.5,14,20,华伍股份,3.2
353,虚拟现实,BK0722,1395.24,-7.2,-0.51,4259022912000,3.16,84,129,翰博高新,11.29
354,人脑工程,BK0706,6366.07,-33.55,-0.52,1060658208000,3.96,24,25,北陆药业,3.19
355,5G概念,BK0714,1919.94,-10.28,-0.53,11888414976000,3.43,126,194,特发信息,10.01
356,时空大数据,BK1130,1790.35,-9.74,-0.54,396399216000,5.59,8,18,兴民智通,10.03
357,智能穿戴,BK0641,4031.59,-22.98,-0.57,3618092032000,3.05,45,79,水晶光电,7.99
358,新型工业化,BK1150,1610.01,-9.33,-0.58,2565995904000,2.64,38,59,京城股份,9.97
359,虚拟机器人,BK1190,1395.94,-8.18,-0.58,730535328000,3.07,9,7,风华高科,3.6
360,生物识别,BK0970,1878.77,-11.65,-0.62,1182136336000,2.75,15,34,水晶光电,7.99
361,AI手机,BK1162,1949.98,-12.39,-0.63,1074421072000,2.6,13,21,水晶光电,7.99
362,纳米银,BK0855,2797.05,-17.82,-0.63,99933796000,5.5,4,3,万顺新材,2.41
363,鸿蒙概念,BK0953,1751.32,-11.41,-0.65,2606881184000,3.44,46,75,我爱我家,10.06
364,半导体概念,BK0917,2498.24,-16.65,-0.66,14505492992000,4.07,147,313,英威腾,10.05
365,第四代半导体,BK1121,2339.26,-16.24,-0.69,194787751000,2.69,1,4,衢州发展,2.2
366,人工智能,BK0800,2020.81,-14.24,-0.7,14443465728000,2.91,255,427,特发信息,10.01
367,DRG/DIP,BK1054,1266.58,-8.95,-0.7,181480859000,2.63,5,13,ST易联众,3.11
368,区块链,BK0830,1285.88,-9.38,-0.72,9834452736000,1.8,97,133,泰豪科技,6.63
369,高带宽内存,BK1152,1742.7,-12.83,-0.73,1423202896000,3.39,9,18,壹石通,4.41
370,无线耳机,BK0893,2493.43,-18.95,-0.75,2977282336000,3.24,27,53,科瑞技术,6.0
371,国产芯片,BK0891,4702.74,-37.06,-0.78,13949703424000,3.63,118,253,天通股份,10.0
372,IGBT概念,BK1048,1037.23,-8.43,-0.81,2072604528000,4.43,10,28,TCL中环,9.99
373,UWB概念,BK0880,2114.37,-17.38,-0.82,497331760000,2.77,9,9,浩云科技,2.15
374,液冷概念,BK1138,1913.93,-16.79,-0.87,5332734464000,4.16,43,83,双良节能,10.0
375,数据中心,BK0922,2247.09,-19.85,-0.88,8391521280000,2.85,87,147,特发信息,10.01
376,NFT概念,BK0997,2022.94,-18.3,-0.9,722116064000,5.59,16,38,华侨城Ａ,6.92
377,数字经济,BK1061,1490.16,-13.76,-0.91,2100796576000,3.02,66,113,众业达,10.03
378,毫米波概念,BK1124,2419.71,-22.69,-0.93,1061499440000,6.36,16,30,锐明技术,10.01
379,中芯概念,BK0935,2028.58,-19.24,-0.94,3518299552000,2.9,14,50,TCL中环,9.99
380,网红经济,BK0940,852.4,-8.09,-0.94,1900913920000,4.73,63,63,名雕股份,9.99
381,F5G概念,BK1088,3992.49,-38.48,-0.95,1329748928000,2.29,8,16,特发信息,10.01
382,氮化镓,BK0916,1928.02,-18.62,-0.96,1359611840000,4.54,15,33,安克创新,2.31
383,数字哨兵,BK1084,1675.7,-16.3,-0.96,94555786000,2.97,4,8,ST英飞拓,0.82
384,AIPC,BK1164,2379.76,-23.39,-0.97,1710319872000,4.26,12,33,翰博高新,11.29
385,在线教育,BK0662,2384.87,-23.73,-0.99,1675858672000,4.32,36,78,ST开元,5.48
386,数字水印,BK1129,1171.98,-11.98,-1.01,124108102000,3.47,4,13,大胜达,2.13
387,混合现实,BK1141,1813.57,-18.84,-1.03,1318759328000,2.41,13,17,兆威机电,2.97
388,百元股,BK1059,878.71,-9.18,-1.03,17902917888000,3.12,81,136,锋龙股份,8.27
389,EDA概念,BK0946,1568.93,-16.83,-1.06,275722032000,2.73,4,8,同济科技,1.89
390,国产软件,BK0696,4041.96,-44.31,-1.08,3613198320000,3.88,65,166,琏升科技,6.49
391,广电,BK0904,1897.16,-20.93,-1.09,273978944000,3.35,7,20,银河电子,2.55
392,华为欧拉,BK1013,1502.03,-16.67,-1.1,235943607000,2.52,1,13,艾融软件,1.78
393,大数据,BK0634,6138.57,-68.7,-1.11,6484375552000,3.85,97,194,特发信息,10.01
394,阿里概念,BK0689,3082.29,-35.71,-1.15,5215557888000,3.43,59,101,顺钠股份,9.96
395,汽车芯片,BK0969,1558.0,-18.19,-1.15,1993777664000,3.16,18,52,格尔软件,5.73
396,卫星互联网,BK0921,2404.36,-28.49,-1.17,2606525248000,2.51,22,59,全信股份,6.69
397,DeepSeek概念,BK1188,1470.6,-17.44,-1.17,4570867712000,3.79,70,173,众业达,10.03
398,AI芯片,BK1127,1864.43,-22.91,-1.21,2516653232000,4.31,10,28,安孚科技,7.64
399,CPO概念,BK1128,5771.43,-70.98,-1.21,3198193296000,4.99,13,31,天通股份,10.0
400,华为海思,BK1180,1910.46,-23.61,-1.22,1033138224000,4.47,7,33,晶升股份,4.27
