,ts_code,name,count,exchange,list_date,type
0,882001.TI,安徽,159.0,A,20070808,R
1,882002.TI,北京,448.0,A,20070808,R
2,882003.TI,重庆,67.0,A,20070808,R
3,882004.TI,黑龙江,40.0,A,20070808,R
4,882005.TI,福建,168.0,A,20070808,R
5,882006.TI,甘肃,36.0,A,20070808,R
6,882007.TI,深圳,402.0,A,20070808,R
7,882008.TI,广东(除深圳),423.0,A,20070808,R
8,882009.TI,广西,40.0,A,20070808,R
9,882010.TI,贵州,35.0,A,20070808,R
10,882011.TI,海南,28.0,A,20070808,R
11,882012.TI,河北,72.0,A,20070808,R
12,882013.TI,河南,106.0,A,20070808,R
13,882014.TI,湖北,135.0,A,20070808,R
14,882015.TI,湖南,137.0,A,20070808,R
15,882016.TI,吉林,50.0,A,20070808,R
16,882017.TI,江苏,628.0,A,20070808,R
17,882018.TI,江西,76.0,A,20070808,R
18,882019.TI,辽宁,84.0,A,20070808,R
19,882020.TI,内蒙古,25.0,A,20070808,R
20,882021.TI,宁夏,15.0,A,20070808,R
21,882022.TI,青海,11.0,A,20070808,R
22,882023.TI,山东,287.0,A,20070808,R
23,882024.TI,山西,40.0,A,20070808,R
24,882025.TI,陕西,74.0,A,20070808,R
25,882026.TI,浦东,152.0,A,20070808,R
26,882027.TI,上海(除浦东),262.0,A,20070808,R
27,882028.TI,四川,166.0,A,20070808,R
28,882029.TI,天津,68.0,A,20070808,R
29,882030.TI,西藏,22.0,A,20070808,R
30,882031.TI,新疆,58.0,A,20070808,R
31,882032.TI,云南,42.0,A,20070808,R
32,882033.TI,浙江,643.0,A,20070808,R
33,700030.TI,同花顺小盘,2588.0,A,20191231,ST
34,700031.TI,同花顺大盘,2588.0,A,20191231,ST
35,700032.TI,同花顺低估值,1553.0,A,20191231,ST
36,700033.TI,同花顺高估值,1554.0,A,20191231,ST
37,700034.TI,同花顺保守投资,1509.0,A,20191231,ST
38,700035.TI,同花顺激进投资,1513.0,A,20191231,ST
39,700036.TI,同花顺高盈利,1548.0,A,20191231,ST
40,700037.TI,同花顺低盈利,1550.0,A,20191231,ST
41,700038.TI,同花顺高动量,1549.0,A,20191231,ST
42,700039.TI,同花顺低动量,1554.0,A,20191231,ST
43,700040.TI,同花顺均衡估值,2069.0,A,20191231,ST
44,700041.TI,同花顺均衡盈利,2065.0,A,20191231,ST
45,700042.TI,同花顺均衡投资,2018.0,A,20191231,ST
46,700043.TI,同花顺均衡动量,2073.0,A,20191231,ST
47,700044.TI,同花顺高价股,104.0,A,20180625,ST
48,700045.TI,同花顺低价股,104.0,A,20180625,ST
49,700046.TI,同花顺超大盘股,20.0,A,20061229,ST
50,700047.TI,同花顺大盘股,200.0,A,20061229,ST
51,700048.TI,同花顺中盘,500.0,A,20061229,ST
52,700049.TI,同花顺小盘,1000.0,A,20061229,ST
53,700050.TI,同花顺微盘,400.0,A,20061229,ST
54,700051.TI,同花顺金仓30,30.0,A,20140505,TH
55,700051R.TI,同花顺金仓30全收益,30.0,A,20140505,TH
56,700052.TI,同花顺金仓50,50.0,A,20140505,TH
57,700052R.TI,同花顺金仓50全收益,50.0,A,20140505,TH
58,700053.TI,同花顺金仓100,100.0,A,20140505,TH
59,700053R.TI,同花顺金仓100全收益,100.0,A,20140505,TH
60,700054.TI,同花顺金仓200,200.0,A,20140505,TH
61,700054R.TI,同花顺金仓200全收益,200.0,A,20140505,TH
62,700055.TI,茅指数,,A,,TH
63,700056.TI,宁组合,,A,,TH
64,700001.TI,同花顺全A(加权),5364.0,A,20061229,BB
65,700002.TI,同花顺全A(除金融、石油石化),5235.0,A,20061229,BB
66,700003.TI,同花顺全A(除科创板),4791.0,A,20061229,BB
67,700004.TI,同花顺主板,3196.0,A,20061229,BB
68,700005.TI,同花顺创指,1346.0,A,20100531,BB
69,700008.TI,同花顺沪深全A,5115.0,A,20061229,BB
70,700009.TI,同花顺沪深全A(除金融、石油石化),4986.0,A,20061229,BB
71,700010.TI,同花顺沪深全A(除科创板),4542.0,A,20061229,BB
72,700012.TI,同花顺全港,2639.0,A,20101231,BB
73,700012R.TI,同花顺全港R,2639.0,A,20101231,BB
74,700013.TI,同花顺香港主板,2315.0,A,20101231,BB
75,700013R.TI,同花顺香港主板R,2315.0,A,20101231,BB
76,700014.TI,同花顺香港创业,324.0,A,20101231,BB
77,700014R.TI,同花顺香港创业R,324.0,A,20101231,BB
78,700018.TI,同花顺沪市港股通,548.0,A,20141117,BB
79,700019.TI,同花顺深市港股通,548.0,A,20161205,BB
80,700020.TI,同花顺港股通,,A,,BB
81,700021.TI,同花顺沪股通,,A,,BB
82,700022.TI,同花顺深股通,,A,,BB
83,700023.TI,同花顺陆股通,,A,,BB
84,700057.TI,同花顺小市值200,200.0,A,20121231,BB
85,700058.TI,同花顺小市值400,400.0,A,20121231,BB
86,700059.TI,同花顺小市值600,600.0,A,20121231,BB
87,700060.TI,同花顺小市值800,800.0,A,20121231,BB
88,700061.TI,同花顺小市值1000,1000.0,A,20121231,BB
89,700062.TI,同花顺小市值1500,1500.0,A,20121231,BB
90,700063.TI,同花顺小市值200(1000),200.0,A,20121231,BB
91,700064.TI,同花顺小市值400(1000),400.0,A,20121231,BB
92,700065.TI,同花顺小市值600(1000),600.0,A,20121231,BB
93,700066.TI,同花顺小市值800(1000),800.0,A,20121231,BB
94,700067.TI,同花顺小市值1000(1000),1000.0,A,20121231,BB
95,700068.TI,同花顺小市值1500(1000),1500.0,A,20121231,BB
96,700069.TI,同花顺小市值200(2000),200.0,A,20121231,BB
97,700070.TI,同花顺小市值400(2000),400.0,A,20121231,BB
98,700071.TI,同花顺小市值600(2000),600.0,A,20121231,BB
99,700072.TI,同花顺小市值800(2000),800.0,A,20121231,BB
100,700073.TI,同花顺小市值1000(2000),1000.0,A,20121231,BB
101,700074.TI,同花顺小市值1500(2000),1500.0,A,20121231,BB
102,700075.TI,同花顺小市值200(3000),200.0,A,20121231,BB
103,700076.TI,同花顺小市值400(3000),400.0,A,20121231,BB
104,700077.TI,同花顺小市值600(3000),600.0,A,20121231,BB
105,700078.TI,同花顺小市值800(3000),800.0,A,20121231,BB
106,700079.TI,同花顺小市值1000(3000),1000.0,A,20121231,BB
107,700080.TI,同花顺小市值1500(3000),1500.0,A,20121231,BB
108,700081.TI,同花顺全A(沪深等权),5114.0,A,20061229,BB
109,700082.TI,同花顺全A(沪深京等权),5363.0,A,20061229,BB
110,864001.TI,昨日涨幅超过10%,142.0,A,20210506,S
111,864002.TI,昨日涨幅超过15%,67.0,A,20210506,S
112,864003.TI,昨日涨幅超过5%,554.0,A,20210506,S
113,864004.TI,昨日成交量前十,10.0,A,20210506,S
114,883400.TI,昨日ST首板股表现,18.0,A,20220608,S
115,883401.TI,昨日ST连板股表现,7.0,A,20220608,S
116,883403.TI,佛山,54.0,A,20070808,S
117,883404.TI,同花顺情绪指数,,A,20220810,S
118,883405.TI,高送转,8.0,A,20221108,S
119,883406.TI,基金重仓股,100.0,A,20221125,S
120,883407.TI,社保新进,225.0,A,20221125,S
121,883408.TI,近期新高,85.0,A,20230621,S
122,883409.TI,近期强势,48.0,A,20230621,S
123,883410.TI,最近多板,31.0,A,20230621,S
124,883411.TI,密集调研,27.0,A,20230621,S
125,883412.TI,高市盈率,200.0,A,20230621,S
126,883413.TI,低市盈率,200.0,A,20230621,S
127,883414.TI,高市净率,200.0,A,20230621,S
128,883415.TI,低市净率,200.0,A,20230621,S
129,883416.TI,百日新高,192.0,A,20230621,S
130,883417.TI,大盘股,200.0,A,20230621,S
131,883418.TI,微盘股,200.0,A,20230705,S
132,883419.TI,珠海,40.0,A,20231107,S
133,883420.TI,减持新规(不可减持),2841.0,A,20230828,S
134,883421.TI,同花顺全A(沪深),5113.0,A,20231204,S
135,883422.TI,北交所昨日涨停表现,2.0,A,20240103,S
136,883423.TI,沪深主板昨日涨停,99.0,A,20240103,S
137,883424.TI,创业科创板昨日涨停,13.0,A,20240103,S
138,883425.TI,同花顺北证全A,248.0,A,20240109,S
139,883426.TI,同花顺拟回购指数,68.0,A,20240201,S
140,883900.TI,昨日涨停表现,135.0,A,20160328,S
141,883901.TI,昨日资金前十,10.0,A,20160513,S
142,883902.TI,昨日成交前十,10.0,A,20160513,S
143,883903.TI,增发预案指数,243.0,A,20160603,S
144,883904.TI,增发募集指数,21.0,A,20160603,S
145,883905.TI,昨日换手前十,10.0,A,20160603,S
146,883906.TI,昨日高振幅,110.0,A,20160603,S
147,883907.TI,近端次新股,21.0,A,20160603,S
148,883908.TI,沪股通成交前十,10.0,A,20160603,S
149,883910.TI,同花顺热股,50.0,A,20160720,S
150,883911.TI,创历史新高,18.0,A,20160719,S
151,883912.TI,深股通成交前十,10.0,A,20161213,S
152,883913.TI,龙虎榜指数,53.0,A,20170306,S
153,883915.TI,增持计划,468.0,A,20180411,S
154,883916.TI,百元股,64.0,A,20180205,S
155,883917.TI,行业龙头,227.0,A,20180205,S
156,883918.TI,昨日炸板股,33.0,A,20180205,S
157,883919.TI,近期复牌,34.0,A,20180205,S
158,883920.TI,近期解禁,109.0,A,20180205,S
159,883921.TI,减持计划,389.0,A,20180205,S
160,883922.TI,社保重仓,678.0,A,20180205,S
161,883923.TI,信托重仓,78.0,A,20180205,S
162,883924.TI,QFII重仓,277.0,A,20180205,S
163,883925.TI,股东户数减少,1560.0,A,20180205,S
164,883926.TI,高贝塔值,100.0,A,20180205,S
165,883927.TI,高股息股,590.0,A,20180205,S
166,883928.TI,券商重仓,354.0,A,20180205,S
167,883929.TI,回购计划,44.0,A,20180205,S
168,883930.TI,破净股,500.0,A,20180205,S
169,883931.TI,预增次新,2.0,A,20180205,S
170,883932.TI,股权分散,160.0,A,20180205,S
171,883933.TI,股东户数增加,159.0,A,20180205,S
172,883934.TI,保险重仓,128.0,A,20180205,S
173,883935.TI,业绩预亏,1095.0,A,20180205,S
174,883936.TI,业绩扭亏,235.0,A,20180205,S
175,883937.TI,高比例质押,167.0,A,20180205,S
176,883938.TI,股性不活跃,38.0,A,20180205,S
177,883939.TI,陆股通持续净买入,75.0,A,20180604,S
178,883940.TI,陆股通建仓,23.0,A,20180604,S
179,883941.TI,陆股通加仓,52.0,A,20180604,S
180,883942.TI,陆股通日买入前十,10.0,A,20180604,S
181,883943.TI,陆股通周买入前十,10.0,A,20180604,S
182,883944.TI,陆股通月买入前十,10.0,A,20180604,S
183,883945.TI,陆股通日增仓前十,10.0,A,20180604,S
184,883946.TI,陆股通月增仓前十,10.0,A,20180604,S
185,883947.TI,陆股通周增仓前十,10.0,A,20180604,S
186,883948.TI,陆股通减仓,133.0,A,20180604,S
187,883949.TI,陆股通清仓,10.0,A,20180604,S
188,883950.TI,陆股通持续净卖出,49.0,A,20180604,S
189,883951.TI,陆股通日卖出前十,10.0,A,20180604,S
190,883952.TI,陆股通周卖出前十,10.0,A,20180604,S
191,883953.TI,陆股通月卖出前十,10.0,A,20180604,S
192,883954.TI,陆股通日减仓前十,10.0,A,20180604,S
193,883955.TI,陆股通周减仓前十,10.0,A,20180604,S
194,883956.TI,陆股通月减仓前十,10.0,A,20180604,S
195,883957.TI,同花顺全A(沪深京),5361.0,A,20180517,S
196,883958.TI,昨日连板,22.0,A,20180517,S
197,883959.TI,近期并购重组,295.0,A,20180614,S
198,883960.TI,低价股,337.0,A,20180703,S
199,883961.TI,低比例送转,279.0,A,20180810,S
200,883962.TI,国家队增持,2.0,A,20180810,S
201,883963.TI,国家队减持,63.0,A,20180810,S
202,883964.TI,定增破发,48.0,A,20180810,S
203,883965.TI,破发次新股,105.0,A,20180810,S
204,883966.TI,机构月调研前十,10.0,A,20180914,S
205,883967.TI,机构周调研前十,10.0,A,20180914,S
206,883968.TI,近期异动,67.0,A,20180914,S
207,883969.TI,融资盘高持仓,2.0,A,20180914,S
208,883970.TI,高毅持股(财报汇总),40.0,A,20180927,S
209,883971.TI,景林资产持股,9.0,A,20180927,S
210,883972.TI,淡水泉持股,3.0,A,20180927,S
211,883973.TI,重阳资产持股,8.0,A,20180927,S
212,883974.TI,远端次新股,210.0,A,20181112,S
213,883975.TI,超跌股,1496.0,A,20181225,S
214,883976.TI,高商誉,33.0,A,20190116,S
215,883977.TI,陆股通重仓,47.0,A,20190319,S
216,883978.TI,昨日打板表现,133.0,A,20190610,S
217,883979.TI,昨日首板表现,113.0,A,20190624,S
218,883980.TI,含可转债,531.0,A,20190712,S
219,883984.TI,上市首五日,1.0,A,20200707,S
220,883985.TI,深市新主板,1503.0,A,20210208,S
221,883986.TI,昨日非ST涨停表现,110.0,A,20210225,S
222,883987.TI,昨日非ST炸板,29.0,A,20210225,S
223,883988.TI,昨日非ST连板,12.0,A,20210517,S
224,883990.TI,机构重仓股,300.0,A,20210908,S
225,883992.TI,昨日非ST打板,133.0,A,20220323,S
226,883993.TI,昨日非ST首板,95.0,A,20220323,S
227,883994.TI,昨日打首板表现,118.0,A,20220525,S
228,883995.TI,昨日打首板以上表现,15.0,A,20220525,S
229,883996.TI,昨日打二板以上表现,5.0,A,20220525,S
230,883997.TI,昨日非ST二板表现,11.0,A,20220526,S
231,883998.TI,昨日非ST三板表现,2.0,A,20220526,S
232,883999.TI,昨日非ST三板以上表现,2.0,A,20220526,S
233,991001.TI,上证指数(旧),2009.0,A,19910715,S
234,700301.TI,能源(A股),,A,,I
235,700302.TI,原材料(A股),,A,,I
236,700303.TI,工业(A股),,A,,I
237,700304.TI,非日常生活消费品(A股),,A,,I
238,700305.TI,日常消费品(A股),,A,,I
239,700306.TI,医疗保健(A股),,A,,I
240,700307.TI,金融(A股),,A,,I
241,700308.TI,信息技术(A股),,A,,I
242,700309.TI,通讯业务(A股),,A,,I
243,700310.TI,公用事业(A股),,A,,I
244,700311.TI,房地产(A股),,A,,I
245,700320.TI,能源Ⅱ(A股),,A,,I
246,700321.TI,原材料Ⅱ(A股),,A,,I
247,700322.TI,资本品(A股),,A,,I
248,700323.TI,商业和专业服务(A股),,A,,I
249,700324.TI,运输(A股),,A,,I
250,700325.TI,汽车与汽车零部件(A股),,A,,I
251,700326.TI,耐用消费品与服装(A股),,A,,I
252,700327.TI,消费者服务(A股),,A,,I
253,700328.TI,非必需消费品分销和零售(A股),,A,,I
254,700329.TI,日常消费品分销和零售Ⅱ(A股),,A,,I
255,700330.TI,食品、饮料与烟草(A股),,A,,I
256,700331.TI,家庭与个人用品(A股),,A,,I
257,700332.TI,医疗保健设备与服务(A股),,A,,I
258,700333.TI,制药、生物科技和生命科学(A股),,A,,I
259,700334.TI,银行(A股),,A,,I
260,700335.TI,金融服务Ⅱ(A股),,A,,I
261,700336.TI,保险Ⅱ(A股),,A,,I
262,700337.TI,软件与服务(A股),,A,,I
263,700338.TI,技术硬件与设备(A股),,A,,I
264,700339.TI,半导体产品与设备Ⅱ(A股),,A,,I
265,700340.TI,电信业务(A股),,A,,I
266,700341.TI,媒体与娱乐(A股),,A,,I
267,700342.TI,公用事业Ⅱ(A股),,A,,I
268,700343.TI,权益型房地产投资信托(REIT)(A股),,A,,I
269,700344.TI,房地产管理和开发Ⅱ(A股),,A,,I
270,700360.TI,能源设备与服务(A股),,A,,I
271,700361.TI,石油、天然气与消费用燃料(A股),,A,,I
272,700362.TI,化学制品(A股),,A,,I
273,700363.TI,建筑材料Ⅲ(A股),,A,,I
274,700364.TI,容器与包装(A股),,A,,I
275,700365.TI,金属与采矿(A股),,A,,I
276,700366.TI,纸类与林业产品(A股),,A,,I
277,700367.TI,航空航天与国防(A股),,A,,I
278,700368.TI,建筑产品Ⅲ(A股),,A,,I
279,700369.TI,建筑与工程Ⅲ(A股),,A,,I
280,700370.TI,电气设备(A股),,A,,I
281,700371.TI,工业集团企业Ⅲ(A股),,A,,I
282,700372.TI,机械制造(A股),,A,,I
283,700373.TI,贸易公司与经销商Ⅲ(A股),,A,,I
284,700374.TI,商业服务与商业用品(A股),,A,,I
285,700375.TI,专业服务(A股),,A,,I
286,700376.TI,航空货运与物流Ⅲ(A股),,A,,I
287,700377.TI,客运航空公司Ⅲ(A股),,A,,I
288,700378.TI,海上运输Ⅲ(A股),,A,,I
289,700379.TI,地面运输(A股),,A,,I
290,700380.TI,交通基本设施(A股),,A,,I
291,700381.TI,汽车零部件(A股),,A,,I
292,700382.TI,汽车(A股),,A,,I
293,700383.TI,家庭耐用消费品(A股),,A,,I
294,700384.TI,休闲设备与用品(A股),,A,,I
295,700385.TI,纺织品、服装与奢侈品(A股),,A,,I
296,700386.TI,酒店、餐馆与休闲(A股),,A,,I
297,700387.TI,综合消费者服务(A股),,A,,I
298,700388.TI,经销商Ⅲ(A股),,A,,I
299,700389.TI,多品类零售Ⅲ(A股),,A,,I
300,700390.TI,专营零售(A股),,A,,I
301,700391.TI,日常消费品分销和零售Ⅲ(A股),,A,,I
302,700392.TI,饮料(A股),,A,,I
303,700393.TI,食品(A股),,A,,I
304,700394.TI,居家用品Ⅲ(A股),,A,,I
305,700395.TI,个人护理用品Ⅲ(A股),,A,,I
306,700396.TI,医疗保健设备与用品(A股),,A,,I
307,700397.TI,医疗保健提供商与服务(A股),,A,,I
308,700398.TI,医疗保健技术Ⅲ(A股),,A,,I
309,700399.TI,生物科技Ⅲ(A股),,A,,I
310,700400.TI,制药Ⅲ(A股),,A,,I
311,700401.TI,生命科学工具和服务Ⅲ(A股),,A,,I
312,700402.TI,商业银行(A股),,A,,I
313,700403.TI,金融服务Ⅲ(A股),,A,,I
314,700404.TI,消费信贷Ⅲ(A股),,A,,I
315,700405.TI,资本市场(A股),,A,,I
316,700406.TI,保险Ⅲ(A股),,A,,I
317,700407.TI,信息技术服务(A股),,A,,I
318,700408.TI,软件(A股),,A,,I
319,700409.TI,通信设备Ⅲ(A股),,A,,I
320,700410.TI,电脑与外围设备(A股),,A,,I
321,700411.TI,电子设备、仪器和元件(A股),,A,,I
322,700412.TI,半导体产品与设备Ⅲ(A股),,A,,I
323,700413.TI,综合电信业务Ⅲ(A股),,A,,I
324,700414.TI,无线电信业务Ⅲ(A股),,A,,I
325,700415.TI,媒体(A股),,A,,I
326,700416.TI,娱乐(A股),,A,,I
327,700417.TI,互动媒体与服务Ⅲ(A股),,A,,I
328,700418.TI,电力公用事业Ⅲ(A股),,A,,I
329,700419.TI,燃气公用事业Ⅲ(A股),,A,,I
330,700420.TI,复合型公用事业Ⅲ(A股),,A,,I
331,700421.TI,水公用事业Ⅲ(A股),,A,,I
332,700422.TI,独立电力生产商与能源贸易商Ⅲ(A股),,A,,I
333,700423.TI,多元化房地产投资信托(A股),,A,,I
334,700424.TI,工业房地产投资信托(A股),,A,,I
335,700425.TI,房地产管理和开发Ⅲ(A股),,A,,I
336,700450.TI,石油与天然气钻井(A股),,A,,I
337,700451.TI,石油天然气设备与服务(A股),,A,,I
338,700452.TI,综合性石油与天然气企业(A股),,A,,I
339,700453.TI,石油与天然气的勘探与生产(A股),,A,,I
340,700454.TI,石油与天然气的炼制和营销(A股),,A,,I
341,700455.TI,石油与天然气的储存和运输(A股),,A,,I
342,700456.TI,煤与消费用燃料(A股),,A,,I
343,700457.TI,商品化工(A股),,A,,I
344,700458.TI,多种化学制品(A股),,A,,I
345,700459.TI,化肥与农用药剂(A股),,A,,I
346,700460.TI,工业气体(A股),,A,,I
347,700461.TI,特种化学制品(A股),,A,,I
348,700462.TI,建筑材料Ⅳ(A股),,A,,I
349,700463.TI,金属、玻璃和塑料容器(A股),,A,,I
350,700464.TI,纸和塑料包装产品和材料(A股),,A,,I
351,700465.TI,铝(A股),,A,,I
352,700466.TI,多种金属与采矿(A股),,A,,I
353,700467.TI,黄金(A股),,A,,I
354,700468.TI,贵重金属与矿石(A股),,A,,I
355,700469.TI,白银(A股),,A,,I
356,700470.TI,钢铁(A股),,A,,I
357,700471.TI,铜(A股),,A,,I
358,700472.TI,林业产品(A股),,A,,I
359,700473.TI,纸制品(A股),,A,,I
360,700474.TI,航天航空与国防(A股),,A,,I
361,700475.TI,建筑产品Ⅳ(A股),,A,,I
362,700476.TI,建筑与工程Ⅳ(A股),,A,,I
363,700477.TI,电气部件与设备(A股),,A,,I
364,700478.TI,重型电气设备(A股),,A,,I
365,700479.TI,工业集团企业Ⅳ(A股),,A,,I
366,700480.TI,建筑机械和重型运输设备(A股),,A,,I
367,700481.TI,农用农业机械(A股),,A,,I
368,700482.TI,工业机械和用品及零部件(A股),,A,,I
369,700483.TI,贸易公司与经销商Ⅳ(A股),,A,,I
370,700484.TI,商业印刷(A股),,A,,I
371,700485.TI,环境与设施服务(A股),,A,,I
372,700486.TI,办公服务与用品(A股),,A,,I
373,700487.TI,综合支持服务(A股),,A,,I
374,700488.TI,安全和报警服务(A股),,A,,I
375,700489.TI,人力资源与就业服务(A股),,A,,I
376,700490.TI,调查和咨询服务(A股),,A,,I
377,700491.TI,数据处理和外包服务(A股),,A,,I
378,700492.TI,航空货运与物流Ⅳ(A股),,A,,I
379,700493.TI,客运航空公司Ⅳ(A股),,A,,I
380,700494.TI,海上运输Ⅳ(A股),,A,,I
381,700495.TI,铁路运输(A股),,A,,I
382,700496.TI,地面货运(A股),,A,,I
383,700497.TI,地面客运(A股),,A,,I
384,700498.TI,机场服务(A股),,A,,I
385,700499.TI,公路与铁路(A股),,A,,I
386,700500.TI,海港与服务(A股),,A,,I
387,700501.TI,汽车零件与设备(A股),,A,,I
388,700502.TI,轮胎与橡胶(A股),,A,,I
389,700503.TI,汽车制造商(A股),,A,,I
390,700504.TI,摩托车制造商(A股),,A,,I
391,700505.TI,消费电子产品(A股),,A,,I
392,700506.TI,家庭装饰品(A股),,A,,I
393,700507.TI,住宅建筑(A股),,A,,I
394,700508.TI,家用电器(A股),,A,,I
395,700509.TI,家用器具与特殊消费品(A股),,A,,I
396,700510.TI,消闲用品(A股),,A,,I
397,700511.TI,服装、服饰与奢侈品(A股),,A,,I
398,700512.TI,鞋类(A股),,A,,I
399,700513.TI,纺织品(A股),,A,,I
400,700514.TI,酒店、度假村与豪华游轮(A股),,A,,I
401,700515.TI,消闲设施(A股),,A,,I
402,700516.TI,餐馆(A股),,A,,I
403,700517.TI,教育服务(A股),,A,,I
404,700518.TI,特殊消费者服务(A股),,A,,I
405,700519.TI,经销商Ⅳ(A股),,A,,I
406,700520.TI,多品类零售Ⅳ(A股),,A,,I
407,700521.TI,服装零售(A股),,A,,I
408,700522.TI,电脑与电子产品零售(A股),,A,,I
409,700523.TI,其他专卖店(A股),,A,,I
410,700524.TI,汽车零售(A股),,A,,I
411,700525.TI,家庭装饰零售(A股),,A,,I
412,700526.TI,药品零售(A股),,A,,I
413,700527.TI,食品分销商(A股),,A,,I
414,700528.TI,食品零售(A股),,A,,I
415,700529.TI,日常消费品零售(A股),,A,,I
416,700530.TI,啤酒酿造商(A股),,A,,I
417,700531.TI,酿酒商与葡萄酒商(A股),,A,,I
418,700532.TI,软饮料与不含酒精饮料(A股),,A,,I
419,700533.TI,农产品与服务(A股),,A,,I
420,700534.TI,包装食品与肉类(A股),,A,,I
421,700535.TI,居家用品Ⅳ(A股),,A,,I
422,700536.TI,个人护理用品Ⅳ(A股),,A,,I
423,700537.TI,医疗保健设备(A股),,A,,I
424,700538.TI,医疗保健用品(A股),,A,,I
425,700539.TI,保健护理产品经销商(A股),,A,,I
426,700540.TI,保健护理服务(A股),,A,,I
427,700541.TI,保健护理机构(A股),,A,,I
428,700542.TI,管理型保健护理(A股),,A,,I
429,700543.TI,医疗保健技术Ⅳ(A股),,A,,I
430,700544.TI,生物科技Ⅳ(A股),,A,,I
431,700545.TI,制药Ⅳ(A股),,A,,I
432,700546.TI,生命科学工具和服务Ⅳ(A股),,A,,I
433,700547.TI,综合性银行(A股),,A,,I
434,700548.TI,区域性银行(A股),,A,,I
435,700549.TI,综合金融服务(A股),,A,,I
436,700550.TI,多领域控股(A股),,A,,I
437,700551.TI,特殊金融服务(A股),,A,,I
438,700552.TI,消费信贷Ⅳ(A股),,A,,I
439,700553.TI,资产管理与托管银行(A股),,A,,I
440,700554.TI,投资银行业与经纪业(A股),,A,,I
441,700555.TI,综合性资本市场(A股),,A,,I
442,700556.TI,人寿与健康保险(A股),,A,,I
443,700557.TI,多元化保险(A股),,A,,I
444,700558.TI,财产与意外伤害保险(A股),,A,,I
445,700559.TI,信息科技咨询与其它服务(A股),,A,,I
446,700560.TI,互联网服务和基础设施(A股),,A,,I
447,700561.TI,应用软件(A股),,A,,I
448,700562.TI,系统软件(A股),,A,,I
449,700563.TI,通信设备Ⅳ(A股),,A,,I
450,700564.TI,电脑硬件、储存设备及电脑周边(A股),,A,,I
451,700565.TI,电子设备和仪器(A股),,A,,I
452,700566.TI,电子元件(A股),,A,,I
453,700567.TI,电子制造服务(A股),,A,,I
454,700568.TI,技术产品经销商(A股),,A,,I
455,700569.TI,半导体材料与设备(A股),,A,,I
456,700570.TI,半导体产品(A股),,A,,I
457,700571.TI,非传统电信运营商(A股),,A,,I
458,700572.TI,综合电信业务Ⅳ(A股),,A,,I
459,700573.TI,无线电信业务Ⅳ(A股),,A,,I
460,700574.TI,广告(A股),,A,,I
461,700575.TI,广播(A股),,A,,I
462,700576.TI,有线和卫星电视(A股),,A,,I
463,700577.TI,出版(A股),,A,,I
464,700578.TI,电影和娱乐(A股),,A,,I
465,700579.TI,互动家庭娱乐(A股),,A,,I
466,700580.TI,互动媒体与服务Ⅳ(A股),,A,,I
467,700581.TI,电力公用事业Ⅳ(A股),,A,,I
468,700582.TI,燃气公用事业Ⅳ(A股),,A,,I
469,700583.TI,复合型公用事业Ⅳ(A股),,A,,I
470,700584.TI,水公用事业Ⅳ(A股),,A,,I
471,700585.TI,独立电力生产商与能源贸易商Ⅳ(A股),,A,,I
472,700586.TI,新能源发电业者(A股),,A,,I
473,700587.TI,多样化房地产投资信托(A股),,A,,I
474,700588.TI,工业房地产投资信托(A股),,A,,I
475,700589.TI,多样化房地产活动(A股),,A,,I
476,700590.TI,房地产经营公司(A股),,A,,I
477,700591.TI,房地产开发(A股),,A,,I
478,700592.TI,房地产服务(A股),,A,,I
479,881101.TI,种植业与林业,24.0,A,20070801,I
480,881102.TI,养殖业,27.0,A,20070801,I
481,881103.TI,农产品加工,40.0,A,20070801,I
482,881105.TI,煤炭开采加工,35.0,A,20070801,I
483,881107.TI,油气开采及服务,20.0,A,20070801,I
484,881108.TI,化学原料,59.0,A,20070801,I
485,881109.TI,化学制品,221.0,A,20070801,I
486,881112.TI,钢铁,47.0,A,20070801,I
487,881114.TI,金属新材料,25.0,A,20070801,I
488,881115.TI,建筑材料,76.0,A,20070801,I
489,881116.TI,建筑装饰,155.0,A,20070801,I
490,881117.TI,通用设备,174.0,A,20070801,I
491,881118.TI,专用设备,200.0,A,20070801,I
492,881121.TI,半导体,193.0,A,20070801,I
493,881122.TI,光学光电子,104.0,A,20070801,I
494,881123.TI,其他电子,36.0,A,20070801,I
495,881124.TI,消费电子,98.0,A,20070801,I
496,881125.TI,汽车整车,24.0,A,20070801,I
497,881126.TI,汽车零部件,225.0,A,20070801,I
498,881128.TI,汽车服务及其他,13.0,A,20070801,I
499,881129.TI,通信设备,86.0,A,20070801,I
500,881130.TI,计算机设备,81.0,A,20070801,I
501,881131.TI,白色家电,35.0,A,20070801,I
502,881132.TI,黑色家电,10.0,A,20070801,I
503,881133.TI,饮料制造,47.0,A,20070801,I
504,881134.TI,食品加工制造,82.0,A,20070801,I
505,881135.TI,纺织制造,34.0,A,20070801,I
506,881136.TI,服装家纺,62.0,A,20070801,I
507,881137.TI,造纸,23.0,A,20070801,I
508,881138.TI,包装印刷,47.0,A,20070801,I
509,881139.TI,家居用品,108.0,A,20070801,I
510,881140.TI,化学制药,155.0,A,20070801,I
511,881141.TI,中药,75.0,A,20070801,I
512,881142.TI,生物制品,54.0,A,20070801,I
513,881143.TI,医药商业,31.0,A,20070801,I
514,881144.TI,医疗器械,123.0,A,20070801,I
515,881145.TI,电力,94.0,A,20070801,I
516,881146.TI,燃气,29.0,A,20070801,I
517,881148.TI,港口航运,36.0,A,20070801,I
518,881149.TI,公路铁路运输,33.0,A,20070801,I
519,881151.TI,机场航运,13.0,A,20070801,I
520,881152.TI,物流,47.0,A,20070801,I
521,881153.TI,房地产,101.0,A,20070801,I
522,881155.TI,银行,42.0,A,20070801,I
523,881156.TI,保险,38.0,A,20070801,I
524,881157.TI,证券,50.0,A,20070801,I
525,881158.TI,零售,71.0,A,20070801,I
526,881159.TI,贸易,15.0,A,20070801,I
527,881160.TI,旅游及酒店,21.0,A,20070801,I
528,881162.TI,通信服务,38.0,A,20070801,I
529,881164.TI,文化传媒,135.0,A,20070801,I
530,881165.TI,综合,25.0,A,20070801,I
531,881166.TI,军工装备,138.0,A,20150105,I
532,881167.TI,非金属材料,12.0,A,20210730,I
533,881168.TI,工业金属,63.0,A,20210730,I
534,881169.TI,贵金属,11.0,A,20210730,I
535,881170.TI,小金属,41.0,A,20210730,I
536,881171.TI,自动化设备,86.0,A,20210730,I
537,881172.TI,电子化学品,33.0,A,20210730,I
538,881173.TI,小家电,25.0,A,20210730,I
539,881174.TI,厨卫电器,9.0,A,20210730,I
540,881175.TI,医疗服务,49.0,A,20210730,I
541,881177.TI,互联网电商,21.0,A,20210730,I
542,881178.TI,教育,19.0,A,20210730,I
543,881179.TI,其他社会服务,33.0,A,20210730,I
544,881180.TI,石油加工贸易,27.0,A,20210730,I
545,881181.TI,环境治理,141.0,A,20210730,I
546,881182.TI,美容护理,30.0,A,20210730,I
547,881263.TI,农化制品,,A,20240629,I
548,881264.TI,化学纤维,,A,20240629,I
549,881265.TI,塑料制品,,A,20240629,I
550,881266.TI,橡胶制品,,A,20240629,I
551,881267.TI,能源金属,,A,20240629,I
552,881268.TI,工程机械,,A,20240629,I
553,881269.TI,轨交设备,,A,20240629,I
554,881270.TI,元件,,A,20240629,I
555,881271.TI,IT服务,,A,20240629,I
556,881272.TI,软件开发,,A,20240629,I
557,881273.TI,白酒,,A,20240629,I
558,881274.TI,影视院线,,A,20240629,I
559,881275.TI,游戏,,A,20240629,I
560,881276.TI,军工电子,,A,20240629,I
561,881277.TI,电机,,A,20240629,I
562,881278.TI,电网设备,,A,20240629,I
563,881279.TI,光伏设备,,A,20240629,I
564,881280.TI,风电设备,,A,20240629,I
565,881281.TI,电池,,A,20240629,I
566,881282.TI,其他电源设备,,A,20240629,I
567,881283.TI,多元金融,,A,20240629,I
568,881284.TI,环保设备,,A,20240629,I
569,884001.TI,种子生产,9.0,A,20181030,I
570,884002.TI,粮食种植,2.0,A,20181030,I
571,884003.TI,其他种植业,9.0,A,20181030,I
572,884004.TI,林业,4.0,A,20181030,I
573,884005.TI,海洋捕捞,2.0,A,20181030,I
574,884006.TI,水产养殖,4.0,A,20181030,I
575,884009.TI,果蔬加工,5.0,A,20181030,I
576,884010.TI,粮油加工,7.0,A,20181030,I
577,884011.TI,其他农产品加工,11.0,A,20181030,I
578,884012.TI,农业综合,3.0,A,20181030,I
579,884013.TI,动物保健,13.0,A,20181030,I
580,884014.TI,煤炭开采,27.0,A,20181030,I
581,884015.TI,焦炭加工,8.0,A,20181030,I
582,884016.TI,油气开采,7.0,A,20181030,I
583,884018.TI,油服工程,13.0,A,20181030,I
584,884020.TI,石油加工,21.0,A,20181030,I
585,884021.TI,油品石化贸易,6.0,A,20181030,I
586,884022.TI,纯碱,4.0,A,20181030,I
587,884023.TI,氯碱,16.0,A,20181030,I
588,884024.TI,无机盐,10.0,A,20181030,I
589,884025.TI,其他化学原料,24.0,A,20181030,I
590,884026.TI,氮肥,5.0,A,20181030,I
591,884027.TI,磷肥及磷化工,10.0,A,20181030,I
592,884028.TI,农药,31.0,A,20181030,I
593,884030.TI,涂料油墨,14.0,A,20181030,I
594,884031.TI,钾肥,4.0,A,20181030,I
595,884032.TI,民爆用品,11.0,A,20181030,I
596,884033.TI,纺织化学用品,13.0,A,20181030,I
597,884034.TI,其他化学制品,72.0,A,20181030,I
598,884035.TI,复合肥,8.0,A,20181030,I
599,884036.TI,氟化工,9.0,A,20181030,I
600,884039.TI,聚氨酯,11.0,A,20181030,I
601,884041.TI,涤纶,10.0,A,20181030,I
602,884043.TI,粘胶,2.0,A,20181030,I
603,884044.TI,其他纤维,9.0,A,20181030,I
604,884045.TI,氨纶,3.0,A,20181030,I
605,884046.TI,其他塑料制品,18.0,A,20181030,I
606,884048.TI,改性塑料,18.0,A,20181030,I
607,884050.TI,其他橡胶制品,13.0,A,20181030,I
608,884051.TI,炭黑,6.0,A,20181030,I
609,884052.TI,普钢,24.0,A,20181030,I
610,884053.TI,铝,32.0,A,20181030,I
611,884054.TI,铜,17.0,A,20181030,I
612,884055.TI,铅锌,14.0,A,20181030,I
613,884056.TI,其他金属新材料,14.0,A,20181030,I
614,884057.TI,磁性材料,11.0,A,20181030,I
615,884058.TI,非金属材料Ⅲ,,A,20240629,I
616,884059.TI,玻璃玻纤,13.0,A,20181030,I
617,884060.TI,水泥,24.0,A,20181030,I
618,884062.TI,其他建材,24.0,A,20181030,I
619,884063.TI,耐火材料,7.0,A,20181030,I
620,884064.TI,管材,8.0,A,20181030,I
621,884065.TI,装饰园林,43.0,A,20181030,I
622,884066.TI,房屋建设,8.0,A,20181030,I
623,884067.TI,基础建设,26.0,A,20181030,I
624,884068.TI,专业工程,35.0,A,20181030,I
625,884069.TI,机床工具,20.0,A,20181030,I
626,884071.TI,磨具磨料,14.0,A,20181030,I
627,884073.TI,制冷空调设备,14.0,A,20181030,I
628,884074.TI,其他通用设备,58.0,A,20181030,I
629,884075.TI,金属制品,68.0,A,20181030,I
630,884076.TI,纺织服装设备,12.0,A,20181030,I
631,884077.TI,工程机械Ⅲ,28.0,A,20181030,I
632,884078.TI,农用机械,9.0,A,20181030,I
633,884080.TI,能源及重型设备,48.0,A,20181030,I
634,884081.TI,印刷包装机械,12.0,A,20181030,I
635,884082.TI,其他专用设备,78.0,A,20181030,I
636,884083.TI,楼宇设备,13.0,A,20181030,I
637,884084.TI,环保设备Ⅲ,27.0,A,20181030,I
638,884085.TI,电机Ⅲ,20.0,A,20181030,I
639,884086.TI,电气自控设备,36.0,A,20181030,I
640,884088.TI,输变电设备,51.0,A,20181030,I
641,884089.TI,线缆部件及其他,36.0,A,20181030,I
642,884090.TI,分立器件,16.0,A,20181030,I
643,884091.TI,半导体材料,16.0,A,20181030,I
644,884092.TI,印制电路板,40.0,A,20181030,I
645,884093.TI,被动元件,13.0,A,20181030,I
646,884094.TI,面板,42.0,A,20181030,I
647,884095.TI,LED,41.0,A,20181030,I
648,884096.TI,光学元件,21.0,A,20181030,I
649,884098.TI,消费电子零部件及组装,90.0,A,20181030,I
650,884099.TI,乘用车,9.0,A,20181030,I
651,884100.TI,商用载货车,9.0,A,20181030,I
652,884101.TI,商用载客车,6.0,A,20181030,I
653,884105.TI,轨交设备Ⅲ,30.0,A,20181030,I
654,884106.TI,其他运输设备,16.0,A,20181030,I
655,884107.TI,汽车服务,,A,20240629,I
656,884112.TI,冰洗,5.0,A,20181030,I
657,884113.TI,空调,4.0,A,20181030,I
658,884115.TI,小家电Ⅲ,,A,20240629,I
659,884116.TI,家电零部件,26.0,A,20181030,I
660,884117.TI,彩电,4.0,A,20181030,I
661,884118.TI,其他黑色家电,6.0,A,20181030,I
662,884119.TI,其他酒类,9.0,A,20181030,I
663,884120.TI,软饮料,11.0,A,20181030,I
664,884123.TI,肉制品,9.0,A,20181030,I
665,884124.TI,调味发酵品,15.0,A,20181030,I
666,884125.TI,乳品,18.0,A,20181030,I
667,884126.TI,其他食品,19.0,A,20181030,I
668,884128.TI,棉纺,8.0,A,20181030,I
669,884130.TI,印染,4.0,A,20181030,I
670,884131.TI,辅料,3.0,A,20181030,I
671,884132.TI,其他纺织,19.0,A,20181030,I
672,884136.TI,鞋帽及其他,16.0,A,20181030,I
673,884137.TI,家纺,7.0,A,20181030,I
674,884140.TI,其他家居用品,32.0,A,20181030,I
675,884141.TI,饰品,16.0,A,20181030,I
676,884142.TI,文娱用品,20.0,A,20181030,I
677,884143.TI,原料药,43.0,A,20181030,I
678,884144.TI,化学制剂,112.0,A,20181030,I
679,884145.TI,医疗设备,38.0,A,20181030,I
680,884146.TI,火电,27.0,A,20181030,I
681,884147.TI,水电,10.0,A,20181030,I
682,884149.TI,热力,15.0,A,20181030,I
683,884150.TI,新能源发电,27.0,A,20181030,I
684,884152.TI,燃气Ⅲ,,A,20240629,I
685,884153.TI,港口,18.0,A,20181030,I
686,884154.TI,高速公路,19.0,A,20181030,I
687,884155.TI,铁路运输,7.0,A,20181030,I
688,884156.TI,机场,5.0,A,20181030,I
689,884157.TI,航空运输,8.0,A,20181030,I
690,884158.TI,多元金融Ⅲ,32.0,A,20181030,I
691,884159.TI,保险Ⅲ,6.0,A,20181030,I
692,884160.TI,百货零售,43.0,A,20181030,I
693,884161.TI,专业连锁,7.0,A,20181030,I
694,884162.TI,商业物业经营,20.0,A,20181030,I
695,884163.TI,人工景点,5.0,A,20181030,I
696,884164.TI,自然景点,12.0,A,20181030,I
697,884165.TI,旅游综合,4.0,A,20181030,I
698,884167.TI,酒店,6.0,A,20181030,I
699,884168.TI,餐饮,3.0,A,20181030,I
700,884172.TI,电视广播,13.0,A,20181030,I
701,884176.TI,出版,27.0,A,20181030,I
702,884177.TI,影视院线Ⅲ,21.0,A,20181030,I
703,884178.TI,广告营销,31.0,A,20181030,I
704,884180.TI,航天装备,8.0,A,20181030,I
705,884181.TI,航空装备,47.0,A,20181030,I
706,884182.TI,地面兵装,12.0,A,20181030,I
707,884183.TI,航海装备,11.0,A,20181030,I
708,884184.TI,特钢,13.0,A,20181030,I
709,884185.TI,贵金属Ⅲ,,A,20240629,I
710,884186.TI,其他小金属,20.0,A,20181030,I
711,884188.TI,白酒Ⅲ,20.0,A,20181030,I
712,884189.TI,啤酒,7.0,A,20181030,I
713,884191.TI,航运,18.0,A,20181030,I
714,884192.TI,仪器仪表,,A,20240629,I
715,884193.TI,其他电子Ⅲ,,A,20240629,I
716,884195.TI,造纸Ⅲ,,A,20240629,I
717,884197.TI,中药Ⅲ,,A,20240629,I
718,884199.TI,医药流通,,A,20240629,I
719,884200.TI,公交,7.0,A,20181030,I
720,884201.TI,物流Ⅲ,,A,20240629,I
721,884202.TI,住宅开发,82.0,A,20181030,I
722,884203.TI,产业地产,10.0,A,20181030,I
723,884205.TI,证券Ⅲ,,A,20240629,I
724,884206.TI,贸易Ⅲ,,A,20240629,I
725,884207.TI,其他计算机设备,,A,20240629,I
726,884208.TI,综合Ⅲ,,A,20240629,I
727,884209.TI,钛白粉,5.0,A,20210730,I
728,884210.TI,食品及饲料添加剂,21.0,A,20210730,I
729,884211.TI,有机硅,12.0,A,20210730,I
730,884212.TI,合成树脂,11.0,A,20210730,I
731,884213.TI,膜材料,18.0,A,20210730,I
732,884214.TI,冶钢原料,10.0,A,20210730,I
733,884215.TI,稀土,4.0,A,20210730,I
734,884217.TI,工程咨询服务,43.0,A,20210730,I
735,884218.TI,机器人,22.0,A,20210730,I
736,884219.TI,工控设备,29.0,A,20210730,I
737,884220.TI,激光设备,11.0,A,20210730,I
738,884221.TI,其他自动化设备,24.0,A,20210730,I
739,884225.TI,其他电源设备Ⅲ,28.0,A,20210730,I
740,884227.TI,集成电路制造,5.0,A,20210730,I
741,884228.TI,集成电路封测,12.0,A,20210730,I
742,884229.TI,半导体设备,17.0,A,20210730,I
743,884230.TI,品牌消费电子,8.0,A,20210730,I
744,884231.TI,电子化学品Ⅲ,,A,20240629,I
745,884232.TI,厨卫电器Ⅲ,,A,20240629,I
746,884233.TI,休闲食品,21.0,A,20210730,I
747,884234.TI,服装,39.0,A,20210730,I
748,884235.TI,印刷,5.0,A,20210730,I
749,884236.TI,包装,42.0,A,20210730,I
750,884237.TI,瓷砖地板,9.0,A,20210730,I
751,884238.TI,血液制品,6.0,A,20210730,I
752,884239.TI,疫苗,14.0,A,20210730,I
753,884240.TI,其他生物制品,34.0,A,20210730,I
754,884242.TI,医疗耗材,45.0,A,20210730,I
755,884243.TI,体外诊断,40.0,A,20210730,I
756,884244.TI,医疗研发外包,25.0,A,20210730,I
757,884245.TI,其他医疗服务,24.0,A,20210730,I
758,884246.TI,电能综合服务,15.0,A,20210730,I
759,884247.TI,商业地产,9.0,A,20210730,I
760,884248.TI,房地产服务,,A,20240629,I
761,884249.TI,国有大型银行,6.0,A,20210730,I
762,884250.TI,股份制银行,9.0,A,20210730,I
763,884251.TI,城商行,17.0,A,20210730,I
764,884252.TI,农商行,10.0,A,20210730,I
765,884253.TI,其他银行,,A,20240629,I
766,884254.TI,旅游零售,1.0,A,20210730,I
767,884255.TI,互联网电商Ⅲ,,A,20240629,I
768,884256.TI,教育Ⅲ,,A,20240629,I
769,884257.TI,专业服务,29.0,A,20210730,I
770,884258.TI,体育,3.0,A,20210730,I
771,884259.TI,本地生活服务,,A,20240629,I
772,884260.TI,游戏Ⅲ,28.0,A,20210730,I
773,884261.TI,数字媒体,15.0,A,20210730,I
774,884262.TI,通信网络设备及器件,35.0,A,20210730,I
775,884263.TI,通信线缆及配套,12.0,A,20210730,I
776,884264.TI,通信终端及配件,27.0,A,20210730,I
777,884265.TI,其他通信设备,12.0,A,20210730,I
778,884266.TI,军工电子Ⅲ,60.0,A,20210730,I
779,884267.TI,大气治理,7.0,A,20210730,I
780,884268.TI,水务及水治理,44.0,A,20210730,I
781,884269.TI,固废治理,34.0,A,20210730,I
782,884270.TI,综合环境治理,29.0,A,20210730,I
783,884271.TI,个护用品,14.0,A,20210730,I
784,884272.TI,化妆品,13.0,A,20210730,I
785,884273.TI,医疗美容,3.0,A,20210730,I
786,884274.TI,IT服务Ⅲ,130.0,A,20210730,I
787,884275.TI,生猪养殖,,A,20240629,I
788,884276.TI,肉鸡养殖,,A,20240629,I
789,884277.TI,其他养殖,,A,20240629,I
790,884278.TI,畜禽饲料,,A,20240629,I
791,884279.TI,水产饲料,,A,20240629,I
792,884280.TI,宠物食品,,A,20240629,I
793,884281.TI,煤化工,,A,20240629,I
794,884282.TI,钨,,A,20240629,I
795,884283.TI,钼,,A,20240629,I
796,884284.TI,钴,,A,20240629,I
797,884285.TI,镍,,A,20240629,I
798,884286.TI,锂,,A,20240629,I
799,884287.TI,数字芯片设计,,A,20240629,I
800,884288.TI,模拟芯片设计,,A,20240629,I
801,884289.TI,车身附件及饰件,,A,20240629,I
802,884290.TI,底盘与发动机系统,,A,20240629,I
803,884291.TI,轮胎轮毂,,A,20240629,I
804,884292.TI,其他汽车零部件,,A,20240629,I
805,884293.TI,汽车电子电气系统,,A,20240629,I
806,884294.TI,安防设备,,A,20240629,I
807,884295.TI,垂直应用软件,,A,20240629,I
808,884296.TI,横向通用软件,,A,20240629,I
809,884297.TI,预加工食品,,A,20240629,I
810,884298.TI,成品家居,,A,20240629,I
811,884299.TI,定制家居,,A,20240629,I
812,884300.TI,药店,,A,20240629,I
813,884301.TI,医院,,A,20240629,I
814,884302.TI,硅料硅片,,A,20240629,I
815,884303.TI,光伏电池组件,,A,20240629,I
816,884304.TI,逆变器,,A,20240629,I
817,884305.TI,光伏辅材,,A,20240629,I
818,884306.TI,光伏加工设备,,A,20240629,I
819,884307.TI,风电整机,,A,20240629,I
820,884308.TI,风电零部件,,A,20240629,I
821,884309.TI,锂电池,,A,20240629,I
822,884310.TI,电池化学品,,A,20240629,I
823,884311.TI,锂电专用设备,,A,20240629,I
824,884312.TI,其他电池,,A,20240629,I
825,884313.TI,电信运营商,,A,20240629,I
826,884314.TI,通信工程及服务,,A,20240629,I
827,884315.TI,通信应用增值服务,,A,20240629,I
828,883300.TI,沪深300样本股,300.0,A,20100413,N
829,883301.TI,上证50样本股,50.0,A,20150922,N
830,883302.TI,上证180成份股,180.0,A,20150922,N
831,883303.TI,上证380成份股,380.0,A,20150922,N
832,883304.TI,中证500成份股,500.0,A,20150916,N
833,885311.TI,智能电网,275.0,A,20070808,N
834,885312.TI,物联网,460.0,A,20090925,N
835,885333.TI,移动支付,77.0,A,20100329,N
836,885338.TI,融资融券,3773.0,A,20150123,N
837,885343.TI,稀土永磁,64.0,A,20100729,N
838,885345.TI,新疆振兴,154.0,A,20100927,N
839,885355.TI,石墨烯,76.0,A,20110411,N
840,885372.TI,页岩气,52.0,A,20120903,N
841,885376.TI,苹果概念,138.0,A,20120903,N
842,885378.TI,智慧城市,417.0,A,20120913,N
843,885386.TI,建筑节能,94.0,A,20220317,N
844,885398.TI,煤化工概念,108.0,A,20130422,N
845,885402.TI,智能医疗,327.0,A,20130422,N
846,885406.TI,食品安全,83.0,A,20130507,N
847,885410.TI,固废处理,153.0,A,20130508,N
848,885412.TI,污水处理,229.0,A,20130508,N
849,885413.TI,创投,461.0,A,20130508,N
850,885418.TI,文化传媒概念,197.0,A,20130508,N
851,885420.TI,电子商务,688.0,A,20130509,N
852,885423.TI,安防,174.0,A,20130509,N
853,885425.TI,特高压,125.0,A,20130509,N
854,885426.TI,海工装备,270.0,A,20130509,N
855,885427.TI,高端装备,365.0,A,20130509,N
856,885428.TI,特钢概念,42.0,A,20130509,N
857,885430.TI,天然气,165.0,A,20130509,N
858,885431.TI,新能源汽车,1035.0,A,20130509,N
859,885439.TI,土地流转,42.0,A,20130513,N
860,885454.TI,智能穿戴,235.0,A,20130606,N
861,885456.TI,互联网金融,217.0,A,20130627,N
862,885457.TI,手机游戏,59.0,A,20130701,N
863,885459.TI,网络安全,196.0,A,20130702,N
864,885461.TI,充电桩,387.0,A,20130722,N
865,885462.TI,乳业,35.0,A,20130725,N
866,885467.TI,特斯拉概念,247.0,A,20130807,N
867,885472.TI,上海自贸区,58.0,A,20130813,N
868,885478.TI,智能家居,286.0,A,20130902,N
869,885480.TI,在线教育,128.0,A,20130902,N
870,885487.TI,天津自贸区,16.0,A,20131010,N
871,885490.TI,民营医院,74.0,A,20131021,N
872,885493.TI,上海国企改革,54.0,A,20131025,N
873,885494.TI,一带一路,768.0,A,20131025,N
874,885497.TI,旅游概念,150.0,A,20131105,N
875,885502.TI,冷链物流,153.0,A,20131205,N
876,885505.TI,生态农业,58.0,A,20131210,N
877,885508.TI,禽流感,26.0,A,20131224,N
878,885514.TI,京津冀一体化,291.0,A,20140404,N
879,885517.TI,机器人概念,1180.0,A,20140410,N
880,885520.TI,沪股通,1524.0,A,20140414,N
881,885521.TI,粤港澳大湾区,476.0,A,20140414,N
882,885522.TI,养老概念,218.0,A,20140415,N
883,885525.TI,白酒概念,49.0,A,20140415,N
884,885530.TI,黄金概念,81.0,A,20140421,N
885,885531.TI,光伏概念,592.0,A,20140421,N
886,885537.TI,3D打印,133.0,A,20140425,N
887,885539.TI,医疗器械概念,405.0,A,20140428,N
888,885540.TI,三胎概念,212.0,A,20140428,N
889,885543.TI,家用电器,179.0,A,20140505,N
890,885545.TI,汽车电子,381.0,A,20140507,N
891,885551.TI,氟化工概念,59.0,A,20140513,N
892,885552.TI,小金属概念,167.0,A,20140513,N
893,885555.TI,PM2.5,36.0,A,20140513,N
894,885556.TI,5G,450.0,A,20140513,N
895,885562.TI,高铁,179.0,A,20140515,N
896,885563.TI,节能环保,346.0,A,20140515,N
897,885564.TI,无人机,455.0,A,20140516,N
898,885566.TI,大飞机,152.0,A,20140519,N
899,885570.TI,期货概念,71.0,A,20140521,N
900,885571.TI,核电,341.0,A,20140521,N
901,885572.TI,水利,259.0,A,20140522,N
902,885573.TI,猪肉,32.0,A,20140522,N
903,885574.TI,卫星导航,276.0,A,20140523,N
904,885578.TI,基因测序,70.0,A,20140527,N
905,885580.TI,足球概念,38.0,A,20140606,N
906,885586.TI,职业教育,134.0,A,20140630,N
907,885587.TI,举牌,16.0,A,20140704,N
908,885591.TI,中韩自贸区,17.0,A,20140714,N
909,885595.TI,央企国企改革,394.0,A,20140717,N
910,885598.TI,新股与次新股,130.0,A,20140731,N
911,885603.TI,网络游戏,66.0,A,20140821,N
912,885611.TI,阿里巴巴概念,343.0,A,20140930,N
913,885615.TI,体育产业,132.0,A,20141024,N
914,885617.TI,福建自贸区,127.0,A,20141031,N
915,885620.TI,参股券商,116.0,A,20141202,N
916,885623.TI,参股保险,57.0,A,20141204,N
917,885629.TI,农村电商,37.0,A,20141224,N
918,885633.TI,染料,39.0,A,20150123,N
919,885640.TI,草甘膦,19.0,A,20150511,N
920,885641.TI,风电,425.0,A,20150511,N
921,885642.TI,跨境电商,336.0,A,20150511,N
922,885650.TI,碳纤维,77.0,A,20150511,N
923,885652.TI,钛白粉概念,15.0,A,20150511,N
924,885661.TI,医药电商,174.0,A,20150812,N
925,885662.TI,车联网(车路协同),295.0,A,20150812,N
926,885663.TI,证金持股,192.0,A,20150812,N
927,885690.TI,PPP概念,200.0,A,20150828,N
928,885692.TI,地下管网,106.0,A,20150828,N
929,885694.TI,深股通,1711.0,A,20150911,N
930,885697.TI,深圳国企改革,29.0,A,20150911,N
931,885699.TI,ST板块,264.0,A,20150915,N
932,885700.TI,军工,602.0,A,20150915,N
933,885705.TI,乡村振兴,428.0,A,20151104,N
934,885706.TI,农机,97.0,A,20151104,N
935,885709.TI,虚拟现实,286.0,A,20151112,N
936,885710.TI,锂电池概念,590.0,A,20151113,N
937,885728.TI,人工智能,1060.0,A,20151202,N
938,885730.TI,量子科技,109.0,A,20160229,N
939,885733.TI,航运概念,85.0,A,20160310,N
940,885734.TI,广东自贸区,27.0,A,20160310,N
941,885736.TI,无人驾驶,400.0,A,20160318,N
942,885737.TI,电子竞技,35.0,A,20160401,N
943,885738.TI,OLED,150.0,A,20160505,N
944,885739.TI,股权转让(并购重组),460.0,A,20161012,N
945,885740.TI,化债概念(AMC概念),42.0,A,20161014,N
946,885741.TI,中字头股票,133.0,A,20161205,N
947,885742.TI,摘帽,48.0,A,20170302,N
948,885743.TI,军民融合,245.0,A,20170324,N
949,885744.TI,雄安新区,196.0,A,20170405,N
950,885747.TI,共享单车,12.0,A,20170623,N
951,885748.TI,可燃冰,14.0,A,20170623,N
952,885749.TI,蚂蚁集团概念,80.0,A,20170623,N
953,885750.TI,特色小镇,40.0,A,20170623,N
954,885753.TI,网约车,29.0,A,20170623,N
955,885756.TI,芯片概念,874.0,A,20170718,N
956,885757.TI,区块链,261.0,A,20170803,N
957,885758.TI,租售同权,28.0,A,20170803,N
958,885759.TI,人脸识别,110.0,A,20170825,N
959,885760.TI,装配式建筑,107.0,A,20170918,N
960,885761.TI,超级品牌,48.0,A,20171031,N
961,885764.TI,自由贸易港,45.0,A,20171114,N
962,885765.TI,互联网医疗,144.0,A,20171117,N
963,885766.TI,智能交通,215.0,A,20171117,N
964,885767.TI,互联网保险,21.0,A,20171117,N
965,885768.TI,无人零售,25.0,A,20171117,N
966,885769.TI,细胞免疫治疗,63.0,A,20171117,N
967,885770.TI,智能物流,235.0,A,20171117,N
968,885771.TI,智能音箱,59.0,A,20171117,N
969,885772.TI,语音技术,63.0,A,20171120,N
970,885774.TI,无线充电,57.0,A,20171127,N
971,885775.TI,燃料电池,213.0,A,20171128,N
972,885779.TI,腾讯概念,295.0,A,20171218,N
973,885780.TI,啤酒概念,29.0,A,20180108,N
974,885781.TI,石墨电极,25.0,A,20180108,N
975,885782.TI,水泥概念,46.0,A,20180109,N
976,885783.TI,工业互联网,429.0,A,20180226,N
977,885785.TI,小米概念,370.0,A,20180306,N
978,885786.TI,富士康概念,106.0,A,20180306,N
979,885787.TI,独角兽概念,110.0,A,20180306,N
980,885788.TI,网络直播,284.0,A,20180312,N
981,885789.TI,宁德时代概念,284.0,A,20180314,N
982,885791.TI,知识产权保护,51.0,A,20180411,N
983,885792.TI,赛马概念,4.0,A,20180416,N
984,885795.TI,国产航母,36.0,A,20180514,N
985,885797.TI,百度概念,231.0,A,20180612,N
986,885800.TI,消费电子概念,479.0,A,20180830,N
987,885805.TI,芬太尼,8.0,A,20181204,N
988,885806.TI,华为概念,1001.0,A,20181207,N
989,885808.TI,养鸡,22.0,A,20190212,N
990,885809.TI,柔性屏(折叠屏),106.0,A,20190219,N
991,885810.TI,大豆,15.0,A,20190220,N
992,885811.TI,玉米,33.0,A,20190220,N
993,885812.TI,农业种植,93.0,A,20190221,N
994,885814.TI,信托概念,23.0,A,20190228,N
995,885818.TI,工业大麻,31.0,A,20190307,N
996,885819.TI,电力物联网,86.0,A,20190313,N
997,885820.TI,数字孪生,195.0,A,20190313,N
998,885823.TI,氢能源,397.0,A,20190319,N
999,885825.TI,冰雪产业,59.0,A,20190401,N
1000,885827.TI,横琴新区,43.0,A,20190402,N
1001,885829.TI,丙烯酸,19.0,A,20190409,N
1002,885832.TI,长三角一体化,129.0,A,20190411,N
1003,885834.TI,华为汽车,172.0,A,20210419,N
1004,885835.TI,参股银行,192.0,A,20190416,N
1005,885838.TI,眼科医疗,58.0,A,20190426,N
1006,885839.TI,人造肉,20.0,A,20190508,N
1007,885840.TI,人民币贬值受益,602.0,A,20190513,N
1008,885842.TI,数字乡村,100.0,A,20190517,N
1009,885843.TI,华为海思概念股,50.0,A,20190521,N
1010,885844.TI,国产操作系统,66.0,A,20190522,N
1011,885845.TI,生物疫苗,60.0,A,20190527,N
1012,885846.TI,动物疫苗,20.0,A,20190527,N
1013,885849.TI,黑龙江自贸区,36.0,A,20190605,N
1014,885851.TI,烟草,41.0,A,20190617,N
1015,885852.TI,青蒿素,10.0,A,20190618,N
1016,885854.TI,垃圾分类,98.0,A,20190621,N
1017,885856.TI,仿制药一致性评价,143.0,A,20190625,N
1018,885860.TI,中船系,10.0,A,20190703,N
1019,885861.TI,ETC,42.0,A,20190708,N
1020,885863.TI,磷化工,66.0,A,20190715,N
1021,885864.TI,光刻胶,74.0,A,20190718,N
1022,885865.TI,金属钴,32.0,A,20190808,N
1023,885866.TI,数字货币,91.0,A,20190918,N
1024,885868.TI,无线耳机,97.0,A,20191105,N
1025,885873.TI,分拆上市意愿,62.0,A,20191216,N
1026,885874.TI,云游戏,27.0,A,20191216,N
1027,885875.TI,MiniLED,102.0,A,20191217,N
1028,885876.TI,网红经济,118.0,A,20191227,N
1029,885877.TI,转基因,20.0,A,20200106,N
1030,885878.TI,HJT电池,65.0,A,20200120,N
1031,885879.TI,流感,183.0,A,20200121,N
1032,885881.TI,云办公,48.0,A,20200203,N
1033,885882.TI,消毒剂,60.0,A,20200206,N
1034,885883.TI,医疗废物处理,43.0,A,20200207,N
1035,885884.TI,航空发动机,96.0,A,20200219,N
1036,885886.TI,超级电容,37.0,A,20200224,N
1037,885887.TI,数据中心,607.0,A,20200306,N
1038,885888.TI,C2M概念,39.0,A,20200330,N
1039,885890.TI,抖音概念(字节概念),214.0,A,20200424,N
1040,885893.TI,国家大基金持股,48.0,A,20200520,N
1041,885894.TI,海南自贸区,29.0,A,20200603,N
1042,885897.TI,中芯国际概念,89.0,A,20200703,N
1043,885898.TI,免税店,26.0,A,20200706,N
1044,885899.TI,新型烟草(电子烟),53.0,A,20200708,N
1045,885900.TI,NMN概念,25.0,A,20200716,N
1046,885901.TI,可降解塑料,82.0,A,20200805,N
1047,885902.TI,汽车拆解概念,24.0,A,20200805,N
1048,885903.TI,环氧丙烷,26.0,A,20200813,N
1049,885904.TI,代糖概念,23.0,A,20200814,N
1050,885905.TI,注册制次新股,83.0,A,20200825,N
1051,885907.TI,科创次新股,23.0,A,20200824,N
1052,885908.TI,第三代半导体,163.0,A,20200907,N
1053,885909.TI,辅助生殖,74.0,A,20201023,N
1054,885910.TI,拼多多概念,40.0,A,20201026,N
1055,885911.TI,社区团购,51.0,A,20201110,N
1056,885912.TI,有机硅概念,51.0,A,20201113,N
1057,885913.TI,医美概念,94.0,A,20201116,N
1058,885914.TI,煤炭概念,87.0,A,20201221,N
1059,885915.TI,物业管理,179.0,A,20210108,N
1060,885916.TI,同花顺漂亮100,100.0,A,20210120,N
1061,885918.TI,快手概念,50.0,A,20210126,N
1062,885919.TI,碳中和,273.0,A,20210302,N
1063,885920.TI,光伏建筑一体化,133.0,A,20210309,N
1064,885921.TI,储能,856.0,A,20210423,N
1065,885922.TI,盐湖提锂,46.0,A,20210602,N
1066,885923.TI,鸿蒙概念,261.0,A,20210603,N
1067,885924.TI,共同富裕示范区,185.0,A,20210615,N
1068,885925.TI,MCU芯片,93.0,A,20210621,N
1069,885926.TI,牙科医疗,29.0,A,20210622,N
1070,885927.TI,CRO概念,73.0,A,20210707,N
1071,885928.TI,钠离子电池,139.0,A,20210715,N
1072,885929.TI,专精特新,1179.0,A,20210818,N
1073,885930.TI,工业母机,111.0,A,20210824,N
1074,885931.TI,PVDF概念,18.0,A,20210903,N
1075,885933.TI,NFT概念,71.0,A,20210908,N
1076,885934.TI,元宇宙,181.0,A,20210909,N
1077,885935.TI,抽水蓄能,76.0,A,20210909,N
1078,885936.TI,绿色电力,415.0,A,20210923,N
1079,885937.TI,培育钻石,18.0,A,20211018,N
1080,885938.TI,换电概念,93.0,A,20211019,N
1081,885939.TI,海峡两岸,315.0,A,20211103,N
1082,885940.TI,WiFi6,58.0,A,20211104,N
1083,885942.TI,数据安全,176.0,A,20211129,N
1084,885943.TI,EDR概念,20.0,A,20211206,N
1085,885944.TI,动力电池回收,94.0,A,20211209,N
1086,885945.TI,汽车芯片,140.0,A,20211209,N
1087,885946.TI,传感器,265.0,A,20211210,N
1088,885947.TI,DRG/DIP,22.0,A,20211215,N
1089,885948.TI,柔性直流输电,62.0,A,20211216,N
1090,885950.TI,虚拟数字人,173.0,A,20211222,N
1091,885951.TI,预制菜,100.0,A,20220105,N
1092,885952.TI,幽门螺杆菌概念,74.0,A,20220106,N
1093,885953.TI,电子纸,24.0,A,20220110,N
1094,885955.TI,重组蛋白,58.0,A,20220118,N
1095,885956.TI,智慧政务,218.0,A,20220120,N
1096,885957.TI,东数西算(算力),383.0,A,20220126,N
1097,885958.TI,硅能源,63.0,A,20220127,N
1098,885959.TI,PCB概念,200.0,A,20220128,N
1099,885960.TI,民爆概念,25.0,A,20220207,N
1100,885961.TI,净水概念,77.0,A,20220214,N
1101,885962.TI,土壤修复,91.0,A,20220218,N
1102,885963.TI,智慧灯杆,63.0,A,20220221,N
1103,885964.TI,俄乌冲突概念,74.0,A,20220225,N
1104,885965.TI,中俄贸易概念,178.0,A,20220228,N
1105,885966.TI,跨境支付(CIPS),73.0,A,20220228,N
1106,885967.TI,化肥,74.0,A,20220304,N
1107,885968.TI,托育服务,16.0,A,20220307,N
1108,885969.TI,金属镍,40.0,A,20220309,N
1109,885970.TI,金属锌,44.0,A,20220309,N
1110,885971.TI,金属铅,39.0,A,20220309,N
1111,885972.TI,金属回收,84.0,A,20220309,N
1112,885973.TI,金属铜,95.0,A,20220310,N
1113,885974.TI,两轮车,70.0,A,20220310,N
1114,885975.TI,电子身份证,39.0,A,20220314,N
1115,885976.TI,数字经济,507.0,A,20220314,N
1116,885977.TI,国资云,54.0,A,20220317,N
1117,885978.TI,低辐射玻璃(Low-E),12.0,A,20220318,N
1118,885980.TI,华为鲲鹏,176.0,A,20220318,N
1119,885981.TI,家庭医生,26.0,A,20220321,N
1120,885982.TI,华为欧拉,46.0,A,20220322,N
1121,885985.TI,毛发医疗,26.0,A,20220325,N
1122,885986.TI,碳交易,117.0,A,20220328,N
1123,885987.TI,MicroLED概念,73.0,A,20220329,N
1124,885988.TI,统一大市场,117.0,A,20220412,N
1125,885989.TI,肝炎概念,140.0,A,20220425,N
1126,885990.TI,露营经济,55.0,A,20220509,N
1127,885991.TI,新型城镇化,218.0,A,20220510,N
1128,885992.TI,噪声防治,19.0,A,20220511,N
1129,885994.TI,猴痘概念,74.0,A,20220524,N
1130,885995.TI,粮食概念,47.0,A,20220526,N
1131,885996.TI,超超临界发电,87.0,A,20220608,N
1132,885997.TI,比亚迪概念,667.0,A,20220609,N
1133,885998.TI,F5G概念,36.0,A,20220614,N
1134,885999.TI,汽车热管理,137.0,A,20220620,N
1135,886000.TI,一体化压铸,54.0,A,20220628,N
1136,886001.TI,高压快充,122.0,A,20220704,N
1137,886002.TI,机器视觉,246.0,A,20220704,N
1138,886003.TI,钒电池,37.0,A,20220704,N
1139,886004.TI,虚拟电厂,153.0,A,20220711,N
1140,886005.TI,生物质能发电,61.0,A,20220719,N
1141,886006.TI,钙钛矿电池,91.0,A,20220721,N
1142,886007.TI,TOPCON电池,82.0,A,20220721,N
1143,886008.TI,减速器,134.0,A,20220729,N
1144,886009.TI,先进封装,169.0,A,20220808,N
1145,886010.TI,空气能热泵,54.0,A,20220811,N
1146,886011.TI,光热发电,48.0,A,20220818,N
1147,886012.TI,宠物经济,126.0,A,20220826,N
1148,886013.TI,信创,300.0,A,20220916,N
1149,886015.TI,创新药,274.0,A,20221020,N
1150,886016.TI,供销社,15.0,A,20221101,N
1151,886017.TI,Web3.0,65.0,A,20221110,N
1152,886018.TI,高压氧舱,11.0,A,20221114,N
1153,886019.TI,AIGC概念,288.0,A,20221116,N
1154,886020.TI,PET铜箔,47.0,A,20221122,N
1155,886021.TI,国企改革,1461.0,A,20221125,N
1156,886023.TI,数据确权,68.0,A,20221205,N
1157,886026.TI,POE胶膜,29.0,A,20221212,N
1158,886028.TI,血氧仪,24.0,A,20221227,N
1159,886030.TI,成飞概念,43.0,A,20230130,N
1160,886031.TI,ChatGPT概念,141.0,A,20230131,N
1161,886032.TI,固态电池,291.0,A,20230208,N
1162,886033.TI,共封装光学(CPO),180.0,A,20230210,N
1163,886034.TI,数字水印,30.0,A,20230214,N
1164,886035.TI,毫米波雷达,125.0,A,20230222,N
1165,886036.TI,时空大数据,65.0,A,20230302,N
1166,886037.TI,6G概念,95.0,A,20230302,N
1167,886038.TI,超导概念,32.0,A,20230310,N
1168,886039.TI,ERP概念,36.0,A,20230321,N
1169,886040.TI,MLOps概念,18.0,A,20230404,N
1170,886041.TI,数据要素,392.0,A,20230411,N
1171,886042.TI,存储芯片,184.0,A,20230413,N
1172,886043.TI,太赫兹,21.0,A,20230420,N
1173,886044.TI,液冷服务器,202.0,A,20230427,N
1174,886045.TI,同花顺中特估100,100.0,A,20230505,N
1175,886046.TI,MR(混合现实),70.0,A,20230522,N
1176,886047.TI,脑机接口,71.0,A,20230529,N
1177,886048.TI,英伟达概念,78.0,A,20230530,N
1178,886049.TI,空间计算,62.0,A,20230609,N
1179,886050.TI,算力租赁,177.0,A,20230612,N
1180,886051.TI,减肥药,62.0,A,20230810,N
1181,886052.TI,核污染防治,59.0,A,20230828,N
1182,886053.TI,BC电池,50.0,A,20230906,N
1183,886054.TI,光刻机,49.0,A,20230908,N
1184,886055.TI,星闪概念,75.0,A,20230912,N
1185,886056.TI,阿尔茨海默概念,43.0,A,20230919,N
1186,886057.TI,新型工业化,286.0,A,20230925,N
1187,886058.TI,华为昇腾,105.0,A,20231025,N
1188,886059.TI,智能座舱,168.0,A,20231103,N
1189,886060.TI,短剧游戏,84.0,A,20231107,N
1190,886061.TI,长安汽车概念,226.0,A,20231127,N
1191,886062.TI,多模态AI,148.0,A,20231208,N
1192,886063.TI,PEEK材料,52.0,A,20231220,N
1193,886064.TI,小米汽车,118.0,A,20231228,N
1194,886065.TI,可控核聚变,111.0,A,20240102,N
1195,886066.TI,飞行汽车(eVTOL),133.0,A,20240111,N
1196,886067.TI,低空经济,486.0,A,20240126,N
1197,886068.TI,Sora概念(文生视频),48.0,A,20240219,N
1198,886069.TI,人形机器人,441.0,A,20240227,N
1199,886070.TI,AI手机,38.0,A,20240304,N
1200,886071.TI,AI PC,49.0,A,20240305,N
1201,886072.TI,高股息精选,285.0,A,20240312,N
1202,886073.TI,铜缆高速连接,45.0,A,20240320,N
1203,886074.TI,AI语料,52.0,A,20240325,N
1204,886075.TI,同花顺出海50,50.0,A,20240403,N
1205,886076.TI,军工信息化,111.0,A,20240423,N
1206,886077.TI,合成生物,164.0,A,20240430,N
1207,886078.TI,商业航天,493.0,A,20240529,N
1208,886080.TI,财税数字化,66.0,A,20240702,N
1209,886081.TI,维生素,75.0,A,20240703,N
1210,886082.TI,同花顺果指数,20.0,A,20240711,N
1211,886084.TI,光纤概念,97.0,A,20240808,N
1212,886085.TI,AI眼镜,185.0,A,20240814,N
1213,886086.TI,西部大开发,632.0,A,20240826,N
1214,886087.TI,房屋检测,46.0,A,20240827,N
1215,886088.TI,2024三季报预增,99.0,A,20241009,N
1216,886089.TI,回购增持再贷款概念,481.0,A,20241021,N
1217,886090.TI,智谱AI,70.0,A,20241028,N
1218,886091.TI,华为手机,45.0,A,20241119,N
1219,886093.TI,华为数字能源,45.0,A,20241119,N
1220,886094.TI,华为盘古,29.0,A,20241119,N
1221,886095.TI,IP经济(谷子经济),195.0,A,20241126,N
1222,886096.TI,同花顺新质50,50.0,A,20241210,N
1223,886097.TI,2024年报预增,,A,20250110,N
1224,886098.TI,小红书概念,54.0,A,20250114,N
1225,886099.TI,AI智能体,430.0,A,20250124,N
1226,886100.TI,DeepSeek概念,770.0,A,20250205,N
1227,886101.TI,兵装重组概念,7.0,A,20250210,N
1228,885362.TI,云计算,219.0,A,20110701,N
1229,886102.TI,中国AI 50,50.0,A,20250310,N
1230,886103.TI,2025一季报预增,112.0,A,20250401,N
1231,886104.TI,2025中报预增,358.0,A,20250703,N
1232,886105.TI,雅下水电概念,89.0,A,20250721,N
1233,886106.TI,2025三季报预增,81.0,A,20251010,N
1234,886107.TI,2025年报预增,504.0,A,20260104,N
1235,886108.TI,AI应用,491.0,A,20260113,N
1236,886109.TI,2026一季报预增,101.0,A,20260402,N
